	date	pe	pb
0	2005-02-03	23.61	1.81
1	2005-02-04	24.11	1.84
2	2005-02-16	24.3	1.87
3	2005-02-17	24.36	1.88
4	2005-02-18	24.08	1.86
5	2005-02-21	24.49	1.89
6	2005-02-22	25.07	1.94
7	2005-02-23	25.1	1.96
8	2005-02-24	25.1	1.96
9	2005-02-25	25.2	1.96
10	2005-02-28	25.06	1.96
11	2005-03-01	24.97	1.96
12	2005-03-02	24.58	1.93
13	2005-03-03	24.73	1.94
14	2005-03-04	24.55	1.92
15	2005-03-07	24.63	1.93
16	2005-03-08	25.12	1.97
17	2005-03-09	25.2	1.97
18	2005-03-10	24.64	1.92
19	2005-03-11	24.78	1.93
20	2005-03-14	24.82	1.91
21	2005-03-15	24.42	1.89
22	2005-03-16	24.2	1.87
23	2005-03-17	23.95	1.84
24	2005-03-18	23.59	1.81
25	2005-03-21	23.68	1.81
26	2005-03-22	22.98	1.74
27	2005-03-23	22.97	1.74
28	2005-03-24	23.22	1.77
29	2005-03-25	23.2	1.76
30	2005-03-28	23.01	1.74
31	2005-03-29	22.96	1.73
32	2005-03-30	22.41	1.68
33	2005-03-31	22.56	1.7
34	2005-04-01	23.32	1.75
35	2005-04-04	22.88	1.72
36	2005-04-05	22.64	1.7
37	2005-04-06	23.0	1.73
38	2005-04-07	23.29	1.76
39	2005-04-08	23.7	1.79
40	2005-04-11	23.67	1.79
41	2005-04-12	23.29	1.75
42	2005-04-13	23.86	1.8
43	2005-04-14	23.57	1.77
44	2005-04-15	22.99	1.72
45	2005-04-18	22.68	1.69
46	2005-04-19	22.57	1.69
47	2005-04-20	22.27	1.65
48	2005-04-21	21.98	1.62
49	2005-04-22	21.83	1.58
50	2005-04-25	21.42	1.55
51	2005-04-26	21.75	1.58
52	2005-04-27	21.38	1.54
53	2005-04-28	21.77	1.58
54	2005-04-29	21.57	1.57
55	2005-05-09	20.97	1.51
56	2005-05-10	21.04	1.51
57	2005-05-11	20.87	1.51
58	2005-05-12	20.7	1.51
59	2005-05-13	20.86	1.52
60	2005-05-16	20.57	1.52
61	2005-05-17	20.81	1.54
62	2005-05-18	20.93	1.55
63	2005-05-19	20.99	1.55
64	2005-05-20	20.87	1.54
65	2005-05-23	20.24	1.49
66	2005-05-24	20.52	1.52
67	2005-05-25	20.53	1.53
68	2005-05-26	20.35	1.52
69	2005-05-27	20.16	1.51
70	2005-05-30	20.31	1.53
71	2005-05-31	20.29	1.53
72	2005-06-01	19.83	1.5
73	2005-06-02	19.54	1.49
74	2005-06-03	19.55	1.49
75	2005-06-06	19.81	1.51
76	2005-06-07	19.83	1.51
77	2005-06-08	21.36	1.63
78	2005-06-09	21.47	1.64
79	2005-06-10	21.07	1.61
80	2005-06-13	21.13	1.62
81	2005-06-14	20.83	1.59
82	2005-06-15	20.35	1.54
83	2005-06-16	20.56	1.55
84	2005-06-17	20.54	1.55
85	2005-06-20	21.15	1.6
86	2005-06-21	20.96	1.58
87	2005-06-22	21.03	1.59
88	2005-06-23	20.86	1.57
89	2005-06-24	20.93	1.58
90	2005-06-27	21.43	1.62
91	2005-06-28	21.1	1.59
92	2005-06-29	20.97	1.58
93	2005-06-30	20.47	1.54
94	2005-07-01	19.8	1.47
95	2005-07-04	19.58	1.44
96	2005-07-05	19.46	1.43
97	2005-07-06	19.34	1.42
98	2005-07-07	19.43	1.43
99	2005-07-08	18.87	1.38
100	2005-07-11	18.66	1.36
101	2005-07-12	19.27	1.41
102	2005-07-13	19.12	1.39
103	2005-07-14	19.11	1.39
104	2005-07-15	18.69	1.35
105	2005-07-18	18.2	1.31
106	2005-07-19	18.29	1.32
107	2005-07-20	18.42	1.33
108	2005-07-21	18.41	1.33
109	2005-07-22	18.77	1.36
110	2005-07-25	18.7	1.36
111	2005-07-26	19.13	1.39
112	2005-07-27	19.5	1.42
113	2005-07-28	19.43	1.42
114	2005-07-29	19.35	1.41
115	2005-08-01	19.49	1.42
116	2005-08-02	19.81	1.45
117	2005-08-03	20.03	1.47
118	2005-08-04	19.92	1.46
119	2005-08-05	20.44	1.5
120	2005-08-08	20.68	1.51
121	2005-08-09	20.87	1.54
122	2005-08-10	20.99	1.56
123	2005-08-11	21.22	1.57
124	2005-08-12	20.87	1.53
125	2005-08-15	21.34	1.57
126	2005-08-16	21.21	1.58
127	2005-08-17	21.52	1.61
128	2005-08-18	20.84	1.55
129	2005-08-19	20.68	1.54
130	2005-08-22	20.81	1.56
131	2005-08-23	20.61	1.53
132	2005-08-24	20.75	1.55
133	2005-08-25	20.88	1.57
134	2005-08-26	20.94	1.58
135	2005-08-29	20.65	1.57
136	2005-08-30	20.66	1.56
137	2005-08-31	21.0	1.59
138	2005-09-01	21.42	1.63
139	2005-09-02	21.51	1.64
140	2005-09-05	21.76	1.66
141	2005-09-06	21.3	1.62
142	2005-09-07	21.8	1.67
143	2005-09-08	21.85	1.67
144	2005-09-09	21.68	1.65
145	2005-09-12	21.79	1.66
146	2005-09-13	22.2	1.7
147	2005-09-14	22.39	1.72
148	2005-09-15	22.45	1.72
149	2005-09-16	22.46	1.72
150	2005-09-19	22.62	1.75
151	2005-09-20	22.47	1.74
152	2005-09-21	22.05	1.71
153	2005-09-22	21.45	1.64
154	2005-09-23	21.26	1.61
155	2005-09-26	21.42	1.62
156	2005-09-27	21.03	1.58
157	2005-09-28	21.02	1.58
158	2005-09-29	21.32	1.61
159	2005-09-30	21.38	1.6
160	2005-10-10	21.08	1.58
161	2005-10-11	21.4	1.61
162	2005-10-12	21.6	1.63
163	2005-10-13	21.49	1.62
164	2005-10-14	21.31	1.6
165	2005-10-17	21.26	1.6
166	2005-10-18	21.52	1.62
167	2005-10-19	21.31	1.61
168	2005-10-20	21.33	1.61
169	2005-10-21	21.45	1.62
170	2005-10-24	21.61	1.62
171	2005-10-25	21.22	1.58
172	2005-10-26	20.62	1.53
173	2005-10-27	20.42	1.51
174	2005-10-28	19.99	1.47
175	2005-10-31	20.26	1.48
176	2005-11-01	20.08	1.47
177	2005-11-02	20.4	1.5
178	2005-11-03	20.13	1.49
179	2005-11-04	20.24	1.5
180	2005-11-07	20.24	1.51
181	2005-11-08	20.33	1.52
182	2005-11-09	20.3	1.51
183	2005-11-10	19.69	1.46
184	2005-11-11	19.73	1.47
185	2005-11-14	19.72	1.48
186	2005-11-15	19.48	1.47
187	2005-11-16	19.66	1.48
188	2005-11-17	19.6	1.48
189	2005-11-18	19.99	1.51
190	2005-11-21	20.02	1.51
191	2005-11-22	19.68	1.48
192	2005-11-23	19.79	1.49
193	2005-11-24	19.89	1.5
194	2005-11-25	19.91	1.5
195	2005-11-28	19.79	1.49
196	2005-11-29	19.6	1.47
197	2005-11-30	19.65	1.48
198	2005-12-01	19.61	1.47
199	2005-12-02	19.42	1.45
200	2005-12-05	19.02	1.41
201	2005-12-06	19.08	1.42
202	2005-12-07	19.21	1.43
203	2005-12-08	19.17	1.43
204	2005-12-09	19.47	1.45
205	2005-12-12	19.54	1.46
206	2005-12-13	19.54	1.46
207	2005-12-14	19.7	1.47
208	2005-12-15	19.6	1.46
209	2005-12-16	19.75	1.47
210	2005-12-19	19.77	1.48
211	2005-12-20	19.8	1.48
212	2005-12-21	19.61	1.46
213	2005-12-22	19.71	1.47
214	2005-12-23	19.9	1.49
215	2005-12-26	20.08	1.5
216	2005-12-27	20.04	1.49
217	2005-12-28	20.08	1.5
218	2005-12-29	20.27	1.51
219	2005-12-30	20.07	1.49
220	2006-01-04	20.36	1.51
221	2006-01-05	20.65	1.53
222	2006-01-06	20.83	1.55
223	2006-01-09	21.04	1.57
224	2006-01-10	21.09	1.57
225	2006-01-11	21.0	1.56
226	2006-01-12	21.29	1.59
227	2006-01-13	21.3	1.59
228	2006-01-16	20.96	1.57
229	2006-01-17	20.98	1.57
230	2006-01-18	21.36	1.6
231	2006-01-19	21.5	1.61
232	2006-01-20	21.5	1.61
233	2006-01-23	21.59	1.61
234	2006-01-24	21.67	1.61
235	2006-01-25	21.66	1.6
236	2006-02-06	22.13	1.63
237	2006-02-07	22.08	1.64
238	2006-02-08	22.15	1.65
239	2006-02-09	21.92	1.63
240	2006-02-10	22.09	1.64
241	2006-02-13	22.06	1.64
242	2006-02-14	22.16	1.65
243	2006-02-15	22.13	1.65
244	2006-02-16	21.51	1.6
245	2006-02-17	21.27	1.58
246	2006-02-20	21.23	1.58
247	2006-02-21	21.62	1.6
248	2006-02-22	21.61	1.6
249	2006-02-23	21.61	1.6
250	2006-02-24	21.78	1.62
251	2006-02-27	21.76	1.61
252	2006-02-28	21.81	1.61
253	2006-03-01	21.88	1.62
254	2006-03-02	21.51	1.59
255	2006-03-03	21.5	1.59
256	2006-03-06	21.47	1.59
257	2006-03-07	21.1	1.54
258	2006-03-08	21.03	1.53
259	2006-03-09	21.0	1.53
260	2006-03-10	21.08	1.53
261	2006-03-13	21.38	1.54
262	2006-03-14	21.36	1.53
263	2006-03-15	21.51	1.55
264	2006-03-16	21.55	1.55
265	2006-03-17	21.46	1.54
266	2006-03-20	21.81	1.56
267	2006-03-21	21.87	1.56
268	2006-03-22	22.09	1.58
269	2006-03-23	22.17	1.59
270	2006-03-24	22.02	1.57
271	2006-03-27	22.28	1.59
272	2006-03-28	22.33	1.6
273	2006-03-29	22.38	1.6
274	2006-03-30	22.21	1.58
275	2006-03-31	22.28	1.58
276	2006-04-03	22.66	1.61
277	2006-04-04	22.91	1.62
278	2006-04-05	23.07	1.63
279	2006-04-06	23.08	1.63
280	2006-04-07	23.19	1.65
281	2006-04-10	23.68	1.68
282	2006-04-11	23.73	1.68
283	2006-04-12	23.65	1.68
284	2006-04-13	23.15	1.63
285	2006-04-14	23.5	1.67
286	2006-04-17	23.66	1.67
287	2006-04-18	23.75	1.67
288	2006-04-19	23.82	1.66
289	2006-04-20	23.67	1.64
290	2006-04-21	23.84	1.65
291	2006-04-24	23.56	1.61
292	2006-04-25	23.43	1.6
293	2006-04-26	23.69	1.62
294	2006-04-27	23.77	1.62
295	2006-04-28	24.11	1.64
296	2006-05-08	24.86	1.71
297	2006-05-09	25.51	1.76
298	2006-05-10	25.82	1.79
299	2006-05-11	25.58	1.78
300	2006-05-12	26.26	1.83
301	2006-05-15	27.19	1.91
302	2006-05-16	26.3	1.86
303	2006-05-17	26.5	1.89
304	2006-05-18	26.53	1.91
305	2006-05-19	27.14	1.96
306	2006-05-22	27.53	2.01
307	2006-05-23	26.26	1.92
308	2006-05-24	25.96	1.88
309	2006-05-25	26.1	1.91
310	2006-05-26	26.53	1.95
311	2006-05-29	27.07	2.0
312	2006-05-30	27.28	2.02
313	2006-05-31	27.06	2.02
314	2006-06-01	27.95	2.1
315	2006-06-02	28.03	2.11
316	2006-06-05	28.46	2.16
317	2006-06-06	28.16	2.15
318	2006-06-07	26.26	2.0
319	2006-06-08	26.38	1.99
320	2006-06-09	25.87	1.94
321	2006-06-12	25.86	1.94
322	2006-06-13	25.96	1.95
323	2006-06-14	25.69	1.94
324	2006-06-15	25.78	1.94
325	2006-06-16	26.41	1.98
326	2006-06-19	26.68	2.0
327	2006-06-20	26.86	2.02
328	2006-06-21	26.72	2.0
329	2006-06-22	26.67	2.0
330	2006-06-23	26.96	2.03
331	2006-06-26	27.48	2.06
332	2006-06-27	27.59	2.07
333	2006-06-28	27.52	2.07
334	2006-06-29	28.09	2.11
335	2006-06-30	28.06	2.11
336	2006-07-03	28.51	2.14
337	2006-07-04	28.34	2.13
338	2006-07-05	28.25	2.12
339	2006-07-06	28.78	2.17
340	2006-07-07	28.7	2.16
341	2006-07-10	28.86	2.18
342	2006-07-11	28.95	2.19
343	2006-07-12	28.84	2.18
344	2006-07-13	27.1	2.04
345	2006-07-14	27.36	2.05
346	2006-07-17	27.67	2.08
347	2006-07-18	27.72	2.09
348	2006-07-19	27.18	2.04
349	2006-07-20	27.43	2.06
350	2006-07-21	27.48	2.07
351	2006-07-24	27.6	2.07
352	2006-07-25	27.95	2.1
353	2006-07-26	27.91	2.1
354	2006-07-27	27.68	2.07
355	2006-07-28	27.34	2.05
356	2006-07-31	26.24	1.96
357	2006-08-01	25.9	1.94
358	2006-08-02	25.86	1.93
359	2006-08-03	25.81	1.93
360	2006-08-04	25.13	1.87
361	2006-08-07	24.69	1.81
362	2006-08-08	25.15	1.87
363	2006-08-09	25.06	1.86
364	2006-08-10	25.42	1.89
365	2006-08-11	25.45	1.9
366	2006-08-14	24.75	1.84
367	2006-08-15	25.09	1.87
368	2006-08-16	25.35	1.9
369	2006-08-17	25.11	1.88
370	2006-08-18	24.67	1.87
371	2006-08-21	24.74	1.87
372	2006-08-22	24.81	1.89
373	2006-08-23	24.69	1.88
374	2006-08-24	24.88	1.9
375	2006-08-25	25.02	1.9
376	2006-08-28	25.66	1.94
377	2006-08-29	25.47	1.94
378	2006-08-30	25.64	1.95
379	2006-08-31	25.85	1.97
380	2006-09-01	25.41	1.93
381	2006-09-04	25.84	1.97
382	2006-09-05	25.79	1.97
383	2006-09-06	25.94	1.98
384	2006-09-07	25.54	1.95
385	2006-09-08	25.59	1.95
386	2006-09-11	25.72	1.96
387	2006-09-12	25.85	1.97
388	2006-09-13	25.59	1.95
389	2006-09-14	25.49	1.95
390	2006-09-15	25.86	1.98
391	2006-09-18	26.18	2.01
392	2006-09-19	26.24	2.01
393	2006-09-20	26.26	2.01
394	2006-09-21	26.44	2.02
395	2006-09-22	26.11	2.0
396	2006-09-25	25.99	2.0
397	2006-09-26	25.83	1.99
398	2006-09-27	26.01	2.01
399	2006-09-28	26.23	2.02
400	2006-09-29	26.45	2.04
401	2006-10-09	26.92	2.09
402	2006-10-10	27.1	2.1
403	2006-10-11	27.16	2.11
404	2006-10-12	27.04	2.1
405	2006-10-13	27.06	2.1
406	2006-10-16	27.06	2.1
407	2006-10-17	26.83	2.09
408	2006-10-18	26.99	2.12
409	2006-10-19	27.07	2.12
410	2006-10-20	26.92	2.1
411	2006-10-23	26.18	2.03
412	2006-10-24	26.67	2.07
413	2006-10-25	26.67	2.06
414	2006-10-26	26.39	2.05
415	2006-10-27	25.8	2.0
416	2006-10-30	25.73	2.0
417	2006-10-31	25.67	2.02
418	2006-11-01	25.86	2.03
419	2006-11-02	25.85	2.02
420	2006-11-03	25.97	2.03
421	2006-11-06	25.99	2.03
422	2006-11-07	25.89	2.01
423	2006-11-08	25.71	1.99
424	2006-11-09	26.01	2.02
425	2006-11-10	25.41	1.96
426	2006-11-13	24.63	1.89
427	2006-11-14	24.86	1.92
428	2006-11-15	25.27	1.95
429	2006-11-16	25.0	1.92
430	2006-11-17	25.25	1.95
431	2006-11-20	25.24	1.94
432	2006-11-21	25.52	1.95
433	2006-11-22	25.86	1.98
434	2006-11-23	26.01	1.99
435	2006-11-24	26.24	2.01
436	2006-11-27	26.66	2.04
437	2006-11-28	26.68	2.05
438	2006-11-29	26.96	2.06
439	2006-11-30	27.48	2.09
440	2006-12-01	27.6	2.09
441	2006-12-04	28.16	2.13
442	2006-12-05	28.3	2.15
443	2006-12-06	27.86	2.13
444	2006-12-07	27.84	2.12
445	2006-12-08	26.92	2.04
446	2006-12-11	27.71	2.1
447	2006-12-12	27.72	2.1
448	2006-12-13	27.82	2.1
449	2006-12-14	28.27	2.13
450	2006-12-15	28.58	2.15
451	2006-12-18	29.01	2.18
452	2006-12-19	29.08	2.19
453	2006-12-20	29.53	2.23
454	2006-12-21	29.25	2.21
455	2006-12-22	29.17	2.21
456	2006-12-25	29.43	2.22
457	2006-12-26	29.2	2.21
458	2006-12-27	29.41	2.21
459	2006-12-28	28.93	2.16
460	2006-12-29	29.46	2.19
461	2007-01-04	29.6	2.22
462	2007-01-05	30.29	2.27
463	2007-01-08	31.39	2.36
464	2007-01-09	31.92	2.41
465	2007-01-10	32.79	2.47
466	2007-01-11	32.69	2.48
467	2007-01-12	31.49	2.39
468	2007-01-15	32.98	2.51
469	2007-01-16	33.75	2.57
470	2007-01-17	33.54	2.55
471	2007-01-18	34.02	2.61
472	2007-01-19	34.97	2.69
473	2007-01-22	36.47	2.82
474	2007-01-23	36.66	2.85
475	2007-01-24	36.9	2.87
476	2007-01-25	35.42	2.74
477	2007-01-26	35.71	2.75
478	2007-01-29	36.9	2.86
479	2007-01-30	36.8	2.85
480	2007-01-31	35.19	2.72
481	2007-02-01	35.37	2.74
482	2007-02-02	34.61	2.7
483	2007-02-05	34.7	2.72
484	2007-02-06	35.43	2.79
485	2007-02-07	35.89	2.83
486	2007-02-08	36.47	2.88
487	2007-02-09	36.4	2.87
488	2007-02-12	37.21	2.94
489	2007-02-13	37.79	2.98
490	2007-02-14	38.44	3.04
491	2007-02-15	39.22	3.13
492	2007-02-16	39.38	3.17
493	2007-02-26	40.67	3.32
494	2007-02-27	37.49	3.04
495	2007-02-28	38.62	3.18
496	2007-03-01	37.63	3.13
497	2007-03-02	38.2	3.18
498	2007-03-05	38.31	3.17
499	2007-03-06	38.48	3.18
500	2007-03-07	39.17	3.25
501	2007-03-08	39.75	3.32
502	2007-03-09	39.73	3.33
503	2007-03-12	40.17	3.41
504	2007-03-13	40.59	3.46
505	2007-03-14	40.1	3.44
506	2007-03-15	40.72	3.5
507	2007-03-16	40.28	3.43
508	2007-03-19	40.62	3.47
509	2007-03-20	41.34	3.55
510	2007-03-21	41.84	3.62
511	2007-03-22	41.83	3.63
512	2007-03-23	42.1	3.68
513	2007-03-26	43.09	3.79
514	2007-03-27	43.22	3.85
515	2007-03-28	43.23	3.82
516	2007-03-29	42.48	3.69
517	2007-03-30	42.87	3.73
518	2007-04-02	43.55	3.85
519	2007-04-03	43.92	3.89
520	2007-04-04	44.29	3.93
521	2007-04-05	44.91	4.0
522	2007-04-06	45.42	4.05
523	2007-04-09	45.99	4.13
524	2007-04-10	46.28	4.17
525	2007-04-11	46.67	4.22
526	2007-04-12	47.57	4.31
527	2007-04-13	47.12	4.28
528	2007-04-16	48.07	4.41
529	2007-04-17	48.16	4.51
530	2007-04-18	48.67	4.61
531	2007-04-19	46.25	4.37
532	2007-04-20	47.39	4.57
533	2007-04-23	47.96	4.77
534	2007-04-24	47.7	4.76
535	2007-04-25	47.13	4.73
536	2007-04-26	46.58	4.76
537	2007-04-27	44.41	4.74
538	2007-04-30	39.74	4.74
539	2007-05-08	40.74	4.93
540	2007-05-09	40.68	4.95
541	2007-05-10	40.95	5.02
542	2007-05-11	40.83	5.0
543	2007-05-14	40.91	5.03
544	2007-05-15	40.15	4.88
545	2007-05-16	40.77	5.0
546	2007-05-17	41.42	5.12
547	2007-05-18	41.5	5.13
548	2007-05-21	41.98	5.25
549	2007-05-22	42.29	5.36
550	2007-05-23	42.68	5.49
551	2007-05-24	42.37	5.45
552	2007-05-25	42.85	5.53
553	2007-05-28	43.51	5.65
554	2007-05-29	43.97	5.74
555	2007-05-30	42.01	5.28
556	2007-05-31	41.91	5.05
557	2007-06-01	40.59	4.7
558	2007-06-04	38.11	4.31
559	2007-06-05	39.02	4.35
560	2007-06-06	39.46	4.41
561	2007-06-07	40.56	4.6
562	2007-06-08	41.03	4.66
563	2007-06-11	41.71	4.74
564	2007-06-12	42.72	4.83
565	2007-06-13	43.57	5.04
566	2007-06-14	42.97	4.96
567	2007-06-15	43.09	4.95
568	2007-06-18	43.68	5.1
569	2007-06-19	43.86	5.19
570	2007-06-20	43.38	5.05
571	2007-06-21	43.37	5.03
572	2007-06-22	41.73	4.72
573	2007-06-25	40.06	4.39
574	2007-06-26	40.88	4.48
575	2007-06-27	41.58	4.57
576	2007-06-28	39.65	4.27
577	2007-06-29	38.7	4.08
578	2007-07-02	39.18	4.21
579	2007-07-03	39.58	4.26
580	2007-07-04	39.22	4.15
581	2007-07-05	37.38	3.9
582	2007-07-06	38.77	4.14
583	2007-07-09	39.51	4.26
584	2007-07-10	38.9	4.13
585	2007-07-11	39.12	4.19
586	2007-07-12	39.27	4.22
587	2007-07-13	39.37	4.2
588	2007-07-16	38.44	4.06
589	2007-07-17	39.08	4.15
590	2007-07-18	39.09	4.15
591	2007-07-19	39.21	4.18
592	2007-07-20	40.19	4.33
593	2007-07-23	41.72	4.55
594	2007-07-24	41.67	4.55
595	2007-07-25	42.45	4.69
596	2007-07-26	42.73	4.78
597	2007-07-27	42.65	4.86
598	2007-07-30	43.34	4.96
599	2007-07-31	43.41	5.0
600	2007-08-01	42.31	4.73
601	2007-08-02	43.37	4.89
602	2007-08-03	43.86	4.95
603	2007-08-06	44.36	5.06
604	2007-08-07	44.43	5.04
605	2007-08-08	43.99	4.96
606	2007-08-09	44.19	5.0
607	2007-08-10	43.69	4.88
608	2007-08-13	43.24	4.89
609	2007-08-14	44.27	5.0
610	2007-08-15	43.96	4.97
611	2007-08-16	44.09	5.01
612	2007-08-17	44.26	4.97
613	2007-08-20	45.34	5.15
614	2007-08-21	39.98	5.17
615	2007-08-22	40.25	5.22
616	2007-08-23	40.29	5.26
617	2007-08-24	40.28	5.28
618	2007-08-27	40.13	5.26
619	2007-08-28	39.94	5.25
620	2007-08-29	39.63	5.19
621	2007-08-30	40.0	5.36
622	2007-08-31	39.99	5.42
623	2007-09-03	40.77	5.55
624	2007-09-04	40.2	5.49
625	2007-09-05	40.63	5.53
626	2007-09-06	40.88	5.58
627	2007-09-07	40.34	5.46
628	2007-09-10	40.44	5.57
629	2007-09-11	39.17	5.22
630	2007-09-12	39.32	5.26
631	2007-09-13	39.72	5.36
632	2007-09-14	39.97	5.44
633	2007-09-17	40.3	5.56
634	2007-09-18	40.33	5.59
635	2007-09-19	40.1	5.51
636	2007-09-20	40.41	5.57
637	2007-09-21	40.33	5.49
638	2007-09-24	40.36	5.5
639	2007-09-25	40.34	5.44
640	2007-09-26	40.09	5.35
641	2007-09-27	40.35	5.4
642	2007-09-28	40.47	5.51
643	2007-10-08	40.78	5.59
644	2007-10-09	41.05	5.65
645	2007-10-10	41.0	5.61
646	2007-10-11	40.57	5.51
647	2007-10-12	40.07	5.36
648	2007-10-15	40.17	5.37
649	2007-10-16	40.45	5.44
650	2007-10-17	40.32	5.42
651	2007-10-18	39.51	5.28
652	2007-10-19	39.37	5.25
653	2007-10-22	38.58	5.09
654	2007-10-23	38.46	5.07
655	2007-10-24	38.04	4.93
656	2007-10-25	36.16	4.53
657	2007-10-26	37.06	4.49
658	2007-10-29	36.85	4.52
659	2007-10-30	37.26	4.6
660	2007-10-31	37.82	4.76
661	2007-11-01	37.02	4.61
662	2007-11-02	36.29	4.51
663	2007-11-05	36.8	4.58
664	2007-11-06	36.95	4.62
665	2007-11-07	36.92	4.61
666	2007-11-08	35.93	4.44
667	2007-11-09	35.78	4.41
668	2007-11-12	35.23	4.35
669	2007-11-13	35.34	4.39
670	2007-11-14	36.17	4.53
671	2007-11-15	35.75	4.47
672	2007-11-16	35.76	4.48
673	2007-11-19	36.49	4.6
674	2007-11-20	36.94	4.66
675	2007-11-21	36.68	4.59
676	2007-11-22	35.45	4.38
677	2007-11-23	36.01	4.47
678	2007-11-26	35.74	4.44
679	2007-11-27	35.45	4.41
680	2007-11-28	35.3	4.39
681	2007-11-29	36.04	4.51
682	2007-11-30	35.58	4.44
683	2007-12-03	35.78	4.48
684	2007-12-04	35.99	4.5
685	2007-12-05	36.59	4.58
686	2007-12-06	36.69	4.61
687	2007-12-07	37.14	4.68
688	2007-12-10	37.64	4.79
689	2007-12-11	37.85	4.85
690	2007-12-12	37.92	4.87
691	2007-12-13	37.17	4.74
692	2007-12-14	37.64	4.83
693	2007-12-17	37.57	4.84
694	2007-12-18	37.43	4.81
695	2007-12-19	38.08	4.91
696	2007-12-20	38.37	4.96
697	2007-12-21	38.91	5.04
698	2007-12-24	39.22	5.11
699	2007-12-25	39.49	5.16
700	2007-12-26	39.89	5.25
701	2007-12-27	40.42	5.3
702	2007-12-28	40.39	5.28
703	2008-01-02	41.17	5.45
704	2008-01-03	41.62	5.56
705	2008-01-04	41.65	5.57
706	2008-01-07	42.06	5.65
707	2008-01-08	41.49	5.5
708	2008-01-09	42.18	5.65
709	2008-01-10	42.45	5.67
710	2008-01-11	42.45	5.67
711	2008-01-14	42.86	5.75
712	2008-01-15	43.22	5.8
713	2008-01-16	42.6	5.72
714	2008-01-17	41.6	5.59
715	2008-01-18	42.19	5.64
716	2008-01-21	40.87	5.41
717	2008-01-22	38.42	4.94
718	2008-01-23	42.33	5.16
719	2008-01-24	42.95	5.3
720	2008-01-25	42.96	5.29
721	2008-01-28	40.83	4.92
722	2008-01-29	41.39	5.0
723	2008-01-30	41.62	5.02
724	2008-01-31	41.03	4.85
725	2008-02-01	40.22	4.64
726	2008-02-04	42.17	5.0
727	2008-02-05	42.07	5.02
728	2008-02-13	41.83	4.99
729	2008-02-14	42.15	5.09
730	2008-02-15	41.9	5.06
731	2008-02-18	42.76	5.2
732	2008-02-19	43.51	5.3
733	2008-02-20	43.0	5.23
734	2008-02-21	43.06	5.29
735	2008-02-22	42.22	5.17
736	2008-02-25	41.01	4.99
737	2008-02-26	40.95	5.02
738	2008-02-27	41.56	5.14
739	2008-02-28	41.58	5.15
740	2008-02-29	41.69	5.21
741	2008-03-03	42.18	5.37
742	2008-03-04	41.67	5.32
743	2008-03-05	41.62	5.34
744	2008-03-06	41.97	5.37
745	2008-03-07	41.51	5.26
746	2008-03-10	38.2	5.09
747	2008-03-11	38.38	5.15
748	2008-03-12	37.88	5.02
749	2008-03-13	36.85	4.84
750	2008-03-14	36.69	4.81
751	2008-03-17	34.93	4.46
752	2008-03-18	33.67	4.14
753	2008-03-19	34.31	4.31
754	2008-03-20	34.87	4.46
755	2008-03-21	35.16	4.51
756	2008-03-24	34.44	4.4
757	2008-03-25	34.55	4.46
758	2008-03-26	34.62	4.45
759	2008-03-27	33.54	4.21
760	2008-03-28	34.3	4.33
761	2008-03-31	32.19	4.14
762	2008-04-01	30.4	3.81
763	2008-04-02	29.56	3.61
764	2008-04-03	30.17	3.7
765	2008-04-07	31.5	3.92
766	2008-04-08	31.86	3.99
767	2008-04-09	30.81	3.78
768	2008-04-10	31.37	3.86
769	2008-04-11	31.68	3.91
770	2008-04-14	31.37	3.66
771	2008-04-15	31.92	3.76
772	2008-04-16	31.33	3.67
773	2008-04-17	30.25	3.52
774	2008-04-18	28.97	3.33
775	2008-04-21	28.73	3.32
776	2008-04-22	28.45	3.28
777	2008-04-23	29.31	3.42
778	2008-04-24	31.37	3.72
779	2008-04-25	31.02	3.75
780	2008-04-28	30.53	3.72
781	2008-04-29	29.59	3.78
782	2008-04-30	29.76	3.94
783	2008-05-05	30.45	4.06
784	2008-05-06	30.26	4.04
785	2008-05-07	29.27	3.86
786	2008-05-08	29.86	3.99
787	2008-05-09	29.76	3.98
788	2008-05-12	30.18	4.05
789	2008-05-13	30.08	4.05
790	2008-05-14	30.69	4.15
791	2008-05-15	30.61	4.12
792	2008-05-16	30.27	4.08
793	2008-05-19	30.07	4.08
794	2008-05-20	28.83	3.84
795	2008-05-21	29.26	3.92
796	2008-05-22	28.96	3.88
797	2008-05-23	28.82	3.85
798	2008-05-26	28.21	3.73
799	2008-05-27	28.35	3.75
800	2008-05-28	28.87	3.85
801	2008-05-29	28.29	3.76
802	2008-05-30	28.42	3.77
803	2008-06-02	28.51	3.8
804	2008-06-03	28.36	3.78
805	2008-06-04	27.97	3.71
806	2008-06-05	27.89	3.69
807	2008-06-06	27.92	3.67
808	2008-06-10	26.09	3.35
809	2008-06-11	25.45	3.24
810	2008-06-12	25.21	3.21
811	2008-06-13	24.51	3.08
812	2008-06-16	24.15	3.03
813	2008-06-17	23.3	2.86
814	2008-06-18	24.22	3.01
815	2008-06-19	22.67	2.75
816	2008-06-20	22.9	2.79
817	2008-06-23	22.46	2.73
818	2008-06-24	22.94	2.81
819	2008-06-25	23.88	2.96
820	2008-06-26	24.12	3.0
821	2008-06-27	22.96	2.78
822	2008-06-30	22.99	2.79
823	2008-07-01	22.53	2.73
824	2008-07-02	22.74	2.77
825	2008-07-03	23.27	2.88
826	2008-07-04	23.21	2.88
827	2008-07-07	24.16	3.03
828	2008-07-08	24.44	3.07
829	2008-07-09	25.07	3.17
830	2008-07-10	24.83	3.11
831	2008-07-11	24.68	3.08
832	2008-07-14	25.07	3.15
833	2008-07-15	24.64	3.05
834	2008-07-16	23.66	2.9
835	2008-07-17	23.42	2.87
836	2008-07-18	24.04	2.97
837	2008-07-21	24.8	3.09
838	2008-07-22	24.87	3.1
839	2008-07-23	24.74	3.08
840	2008-07-24	25.27	3.16
841	2008-07-25	25.14	3.14
842	2008-07-28	25.43	3.19
843	2008-07-29	24.95	3.12
844	2008-07-30	24.85	3.11
845	2008-07-31	24.25	3.0
846	2008-08-01	24.46	3.04
847	2008-08-04	23.9	2.96
848	2008-08-05	23.32	2.89
849	2008-08-06	23.38	2.89
850	2008-08-07	23.41	2.91
851	2008-08-08	22.07	2.69
852	2008-08-11	20.67	2.48
853	2008-08-12	20.43	2.45
854	2008-08-13	20.39	2.44
855	2008-08-14	20.58	2.44
856	2008-08-15	20.49	2.44
857	2008-08-18	19.19	2.26
858	2008-08-19	19.46	2.3
859	2008-08-20	20.81	2.49
860	2008-08-21	19.71	2.4
861	2008-08-22	19.17	2.36
862	2008-08-25	19.07	2.35
863	2008-08-26	18.25	2.23
864	2008-08-27	18.22	2.23
865	2008-08-28	18.2	2.24
866	2008-08-29	18.65	2.3
867	2008-09-01	18.1	2.24
868	2008-09-02	18.16	2.26
869	2008-09-03	18.01	2.25
870	2008-09-04	18.1	2.27
871	2008-09-05	17.49	2.16
872	2008-09-08	16.83	2.05
873	2008-09-09	16.92	2.07
874	2008-09-10	16.98	2.09
875	2008-09-11	16.58	2.04
876	2008-09-12	16.62	2.05
877	2008-09-16	16.27	1.99
878	2008-09-17	15.95	1.95
879	2008-09-18	15.53	1.89
880	2008-09-19	16.83	2.07
881	2008-09-22	17.46	2.17
882	2008-09-23	16.58	2.03
883	2008-09-24	16.73	2.06
884	2008-09-25	17.13	2.12
885	2008-09-26	17.12	2.11
886	2008-10-06	16.46	2.02
887	2008-10-07	16.34	2.01
888	2008-10-08	15.95	1.96
889	2008-10-09	15.78	1.94
890	2008-10-10	14.94	1.81
891	2008-10-13	15.18	1.84
892	2008-10-14	14.83	1.79
893	2008-10-15	14.73	1.78
894	2008-10-16	13.94	1.68
895	2008-10-17	14.06	1.7
896	2008-10-20	14.49	1.75
897	2008-10-21	14.46	1.75
898	2008-10-22	14.22	1.72
899	2008-10-23	14.23	1.73
900	2008-10-24	14.06	1.71
901	2008-10-27	13.12	1.57
902	2008-10-28	13.49	1.6
903	2008-10-29	13.17	1.55
904	2008-10-30	13.37	1.56
905	2008-10-31	13.14	1.53
906	2008-11-03	13.01	1.51
907	2008-11-04	12.79	1.49
908	2008-11-05	13.2	1.55
909	2008-11-06	12.98	1.53
910	2008-11-07	13.19	1.56
911	2008-11-10	14.06	1.67
912	2008-11-11	14.02	1.66
913	2008-11-12	14.29	1.71
914	2008-11-13	14.93	1.79
915	2008-11-14	15.51	1.87
916	2008-11-17	16.04	1.95
917	2008-11-18	15.0	1.8
918	2008-11-19	15.86	1.92
919	2008-11-20	15.8	1.93
920	2008-11-21	15.59	1.9
921	2008-11-24	15.01	1.82
922	2008-11-25	14.92	1.81
923	2008-11-26	15.04	1.82
924	2008-11-27	15.21	1.84
925	2008-11-28	14.97	1.82
926	2008-12-01	15.49	1.89
927	2008-12-02	15.66	1.93
928	2008-12-03	16.34	2.01
929	2008-12-04	16.41	2.02
930	2008-12-05	16.77	2.07
931	2008-12-08	17.4	2.16
932	2008-12-09	17.12	2.11
933	2008-12-10	17.55	2.17
934	2008-12-11	17.12	2.1
935	2008-12-12	16.42	2.0
936	2008-12-15	16.6	2.04
937	2008-12-16	16.8	2.06
938	2008-12-17	16.97	2.09
939	2008-12-18	17.29	2.13
940	2008-12-19	17.43	2.15
941	2008-12-22	17.42	2.15
942	2008-12-23	16.49	2.02
943	2008-12-24	16.23	1.98
944	2008-12-25	16.15	1.97
945	2008-12-26	16.13	1.96
946	2008-12-29	16.04	1.95
947	2008-12-30	15.88	1.93
948	2008-12-31	15.69	1.9
949	2009-01-05	16.31	1.98
950	2009-01-06	16.78	2.05
951	2009-01-07	16.81	2.06
952	2009-01-08	16.52	2.01
953	2009-01-09	16.85	2.07
954	2009-01-12	17.02	2.1
955	2009-01-13	16.64	2.04
956	2009-01-14	17.22	2.12
957	2009-01-15	17.32	2.14
958	2009-01-16	17.46	2.15
959	2009-01-19	17.54	2.16
960	2009-01-20	17.7	2.18
961	2009-01-21	17.72	2.17
962	2009-01-22	17.93	2.2
963	2009-01-23	17.9	2.19
964	2009-02-02	18.18	2.25
965	2009-02-03	18.57	2.32
966	2009-02-04	18.94	2.38
967	2009-02-05	18.8	2.34
968	2009-02-06	19.38	2.45
969	2009-02-09	19.94	2.52
970	2009-02-10	20.29	2.59
971	2009-02-11	20.29	2.59
972	2009-02-12	20.5	2.62
973	2009-02-13	21.07	2.72
974	2009-02-16	21.52	2.78
975	2009-02-17	20.92	2.68
976	2009-02-18	20.13	2.56
977	2009-02-19	20.36	2.61
978	2009-02-20	20.92	2.69
979	2009-02-23	21.5	2.79
980	2009-02-24	20.77	2.67
981	2009-02-25	20.86	2.69
982	2009-02-26	19.81	2.52
983	2009-02-27	19.5	2.37
984	2009-03-02	19.8	2.42
985	2009-03-03	19.58	2.42
986	2009-03-04	20.68	2.57
987	2009-03-05	20.81	2.6
988	2009-03-06	20.7	2.58
989	2009-03-09	20.55	2.47
990	2009-03-10	20.97	2.54
991	2009-03-11	20.94	2.53
992	2009-03-12	20.91	2.53
993	2009-03-13	20.83	2.51
994	2009-03-16	21.61	2.55
995	2009-03-17	22.19	2.63
996	2009-03-18	22.44	2.66
997	2009-03-19	22.95	2.72
998	2009-03-20	23.15	2.71
999	2009-03-23	23.62	2.77
1000	2009-03-24	23.97	2.79
1001	2009-03-25	23.52	2.73
1002	2009-03-26	24.04	2.8
1003	2009-03-27	24.36	2.83
1004	2009-03-30	24.79	2.84
1005	2009-03-31	25.01	2.86
1006	2009-04-01	25.34	2.91
1007	2009-04-02	25.51	2.92
1008	2009-04-03	25.43	2.9
1009	2009-04-07	25.75	2.94
1010	2009-04-08	25.2	2.84
1011	2009-04-09	25.55	2.89
1012	2009-04-10	26.23	2.98
1013	2009-04-13	26.68	3.03
1014	2009-04-14	26.92	3.07
1015	2009-04-15	27.25	3.12
1016	2009-04-16	27.42	3.14
1017	2009-04-17	27.18	3.09
1018	2009-04-20	27.79	3.18
1019	2009-04-21	27.83	3.17
1020	2009-04-22	26.84	3.03
1021	2009-04-23	26.83	3.04
1022	2009-04-24	26.71	3.01
1023	2009-04-27	25.61	2.89
1024	2009-04-28	25.82	2.91
1025	2009-04-29	26.99	3.0
1026	2009-04-30	29.49	3.03
1027	2009-05-04	30.29	3.14
1028	2009-05-05	30.51	3.18
1029	2009-05-06	30.78	3.23
1030	2009-05-07	30.63	3.22
1031	2009-05-08	30.61	3.23
1032	2009-05-11	29.82	3.12
1033	2009-05-12	30.31	3.2
1034	2009-05-13	30.53	3.23
1035	2009-05-14	30.46	3.23
1036	2009-05-15	30.6	3.24
1037	2009-05-18	30.81	3.28
1038	2009-05-19	31.06	3.31
1039	2009-05-20	30.87	3.28
1040	2009-05-21	30.22	3.22
1041	2009-05-22	30.18	3.23
1042	2009-05-25	30.19	3.23
1043	2009-05-26	30.34	3.23
1044	2009-05-27	30.46	3.25
1045	2009-06-01	30.85	3.31
1046	2009-06-02	30.95	3.32
1047	2009-06-03	31.21	3.35
1048	2009-06-04	31.12	3.35
1049	2009-06-05	31.57	3.34
1050	2009-06-08	31.64	3.35
1051	2009-06-09	31.74	3.37
1052	2009-06-10	31.94	3.41
1053	2009-06-11	31.76	3.39
1054	2009-06-12	31.64	3.31
1055	2009-06-15	31.9	3.37
1056	2009-06-16	31.92	3.37
1057	2009-06-17	32.33	3.4
1058	2009-06-18	32.49	3.43
1059	2009-06-19	32.56	3.44
1060	2009-06-22	32.54	3.43
1061	2009-06-23	32.49	3.44
1062	2009-06-24	32.81	3.48
1063	2009-06-25	32.86	3.47
1064	2009-06-26	32.99	3.49
1065	2009-06-29	33.12	3.51
1066	2009-06-30	32.86	3.47
1067	2009-07-01	33.12	3.51
1068	2009-07-02	33.33	3.54
1069	2009-07-03	33.48	3.57
1070	2009-07-06	33.75	3.6
1071	2009-07-07	33.86	3.61
1072	2009-07-08	34.01	3.64
1073	2009-07-09	34.39	3.71
1074	2009-07-10	34.58	3.72
1075	2009-07-13	34.56	3.74
1076	2009-07-14	35.12	3.8
1077	2009-07-15	35.43	3.84
1078	2009-07-16	35.44	3.82
1079	2009-07-17	35.44	3.85
1080	2009-07-20	35.97	3.93
1081	2009-07-21	35.35	3.82
1082	2009-07-22	35.67	3.88
1083	2009-07-23	35.96	3.91
1084	2009-07-24	35.66	3.89
1085	2009-07-27	36.16	3.97
1086	2009-07-28	36.49	4.03
1087	2009-07-29	35.08	3.79
1088	2009-07-30	35.38	3.84
1089	2009-07-31	35.87	3.95
1090	2009-08-03	36.31	4.04
1091	2009-08-04	36.29	4.07
1092	2009-08-05	36.32	4.07
1093	2009-08-06	35.84	4.0
1094	2009-08-07	35.28	3.89
1095	2009-08-10	35.35	3.92
1096	2009-08-11	35.78	3.94
1097	2009-08-12	34.41	3.74
1098	2009-08-13	34.54	3.75
1099	2009-08-14	33.58	3.57
1100	2009-08-17	31.87	3.33
1101	2009-08-18	32.28	3.4
1102	2009-08-19	31.07	3.21
1103	2009-08-20	31.94	3.33
1104	2009-08-21	32.52	3.42
1105	2009-08-24	32.86	3.47
1106	2009-08-25	32.57	3.4
1107	2009-08-26	33.29	3.5
1108	2009-08-27	33.39	3.53
1109	2009-08-28	32.44	3.43
1110	2009-08-31	30.64	3.18
1111	2009-09-01	30.64	3.16
1112	2009-09-02	30.86	3.19
1113	2009-09-03	32.12	3.35
1114	2009-09-04	32.38	3.39
1115	2009-09-07	32.77	3.42
1116	2009-09-08	33.19	3.48
1117	2009-09-09	33.34	3.51
1118	2009-09-10	33.16	3.47
1119	2009-09-11	34.58	3.54
1120	2009-09-14	35.26	3.63
1121	2009-09-15	35.48	3.66
1122	2009-09-16	35.32	3.67
1123	2009-09-17	36.13	3.75
1124	2009-09-18	35.09	3.63
1125	2009-09-21	35.45	3.67
1126	2009-09-22	34.86	3.58
1127	2009-09-23	34.02	3.49
1128	2009-09-24	33.91	3.47
1129	2009-09-25	33.79	3.44
1130	2009-09-28	33.01	3.34
1131	2009-09-29	32.49	3.27
1132	2009-09-30	32.75	3.3
1133	2009-10-09	34.14	3.46
1134	2009-10-12	34.27	3.47
1135	2009-10-13	34.72	3.53
1136	2009-10-14	34.97	3.56
1137	2009-10-15	34.94	3.58
1138	2009-10-16	35.09	3.58
1139	2009-10-19	35.69	3.66
1140	2009-10-20	35.96	3.72
1141	2009-10-21	35.86	3.69
1142	2009-10-22	35.66	3.7
1143	2009-10-23	36.14	3.74
1144	2009-10-26	35.55	3.73
1145	2009-10-27	34.56	3.62
1146	2009-10-28	34.71	3.65
1147	2009-10-29	33.64	3.56
1148	2009-10-30	34.15	3.6
1149	2009-11-02	34.75	3.69
1150	2009-11-03	35.33	3.77
1151	2009-11-04	35.55	3.8
1152	2009-11-05	35.88	3.84
1153	2009-11-06	36.08	3.86
1154	2009-11-09	36.29	3.89
1155	2009-11-10	36.29	3.89
1156	2009-11-11	36.39	3.9
1157	2009-11-12	36.57	3.92
1158	2009-11-13	37.01	3.97
1159	2009-11-16	37.77	4.07
1160	2009-11-17	37.95	4.08
1161	2009-11-18	38.05	4.1
1162	2009-11-19	38.54	4.17
1163	2009-11-20	38.78	4.2
1164	2009-11-23	39.27	4.28
1165	2009-11-24	37.86	4.07
1166	2009-11-25	38.83	4.21
1167	2009-11-26	37.44	4.04
1168	2009-11-27	36.75	3.93
1169	2009-11-30	38.09	4.09
1170	2009-12-01	38.61	4.21
1171	2009-12-02	39.0	4.27
1172	2009-12-03	39.22	4.31
1173	2009-12-04	38.65	4.23
1174	2009-12-07	39.21	4.3
1175	2009-12-08	39.27	4.28
1176	2009-12-09	38.79	4.2
1177	2009-12-10	38.98	4.24
1178	2009-12-11	39.05	4.25
1179	2009-12-14	39.15	4.24
1180	2009-12-15	39.06	4.25
1181	2009-12-16	38.83	4.22
1182	2009-12-17	38.04	4.09
1183	2009-12-18	37.07	3.95
1184	2009-12-21	37.42	4.0
1185	2009-12-22	36.62	3.88
1186	2009-12-23	37.24	3.95
1187	2009-12-24	38.15	4.06
1188	2009-12-25	38.42	4.07
1189	2009-12-28	38.87	4.15
1190	2009-12-29	38.97	4.17
1191	2009-12-30	38.99	4.16
1192	2009-12-31	39.28	4.2
1193	2010-01-04	39.3	4.21
1194	2010-01-05	39.54	4.25
1195	2010-01-06	39.5	4.23
1196	2010-01-07	38.73	4.14
1197	2010-01-08	39.15	4.18
1198	2010-01-11	39.26	4.2
1199	2010-01-12	39.93	4.29
1200	2010-01-13	39.31	4.23
1201	2010-01-14	40.03	4.33
1202	2010-01-15	40.31	4.35
1203	2010-01-18	40.62	4.41
1204	2010-01-19	40.53	4.41
1205	2010-01-20	39.27	4.24
1206	2010-01-21	39.42	4.26
1207	2010-01-22	38.75	4.16
1208	2010-01-25	38.26	4.1
1209	2010-01-26	37.31	3.95
1210	2010-01-27	37.04	3.92
1211	2010-01-28	37.3	3.95
1212	2010-01-29	37.67	3.97
1213	2010-02-01	37.16	3.91
1214	2010-02-02	36.9	3.89
1215	2010-02-03	37.4	3.96
1216	2010-02-04	37.51	3.98
1217	2010-02-05	36.84	3.9
1218	2010-02-08	36.75	3.91
1219	2010-02-09	36.12	3.91
1220	2010-02-10	36.98	3.96
1221	2010-02-11	37.0	3.95
1222	2010-02-12	37.4	4.0
1223	2010-02-22	37.33	4.0
1224	2010-02-23	37.29	4.02
1225	2010-02-24	38.06	4.11
1226	2010-02-25	38.51	4.17
1227	2010-02-26	38.39	4.16
1228	2010-03-01	38.24	4.21
1229	2010-03-02	38.33	4.21
1230	2010-03-03	38.61	4.26
1231	2010-03-04	37.64	4.12
1232	2010-03-05	37.76	4.13
1233	2010-03-08	38.01	4.17
1234	2010-03-09	37.86	4.17
1235	2010-03-10	37.54	4.13
1236	2010-03-11	37.49	4.12
1237	2010-03-12	36.83	4.06
1238	2010-03-15	36.54	4.01
1239	2010-03-16	36.66	4.04
1240	2010-03-17	37.68	4.14
1241	2010-03-18	37.75	4.14
1242	2010-03-19	38.1	4.17
1243	2010-03-22	38.26	4.2
1244	2010-03-23	37.92	4.17
1245	2010-03-24	37.86	4.19
1246	2010-03-25	37.69	4.14
1247	2010-03-26	38.25	4.19
1248	2010-03-29	38.6	4.23
1249	2010-03-30	38.66	4.24
1250	2010-03-31	38.65	4.24
1251	2010-04-01	39.12	4.3
1252	2010-04-02	39.19	4.31
1253	2010-04-06	39.25	4.33
1254	2010-04-07	39.26	4.34
1255	2010-04-08	39.11	4.31
1256	2010-04-09	39.59	4.37
1257	2010-04-12	39.46	4.38
1258	2010-04-13	39.02	4.33
1259	2010-04-14	39.13	4.37
1260	2010-04-15	38.73	4.32
1261	2010-04-16	38.62	4.3
1262	2010-04-19	37.05	4.11
1263	2010-04-20	36.74	4.1
1264	2010-04-21	37.21	4.2
1265	2010-04-22	36.8	4.18
1266	2010-04-23	36.38	4.14
1267	2010-04-26	35.52	4.12
1268	2010-04-27	34.48	3.99
1269	2010-04-28	34.27	3.96
1270	2010-04-29	33.42	3.86
1271	2010-04-30	31.98	3.76
1272	2010-05-04	31.67	3.73
1273	2010-05-05	32.06	3.82
1274	2010-05-06	31.15	3.67
1275	2010-05-07	30.61	3.6
1276	2010-05-10	30.35	3.57
1277	2010-05-11	29.81	3.49
1278	2010-05-12	29.46	3.44
1279	2010-05-13	30.11	3.51
1280	2010-05-14	30.06	3.51
1281	2010-05-17	28.37	3.28
1282	2010-05-18	28.79	3.32
1283	2010-05-19	28.76	3.31
1284	2010-05-20	28.51	3.26
1285	2010-05-21	28.97	3.32
1286	2010-05-24	30.05	3.46
1287	2010-05-25	29.63	3.42
1288	2010-05-26	29.64	3.43
1289	2010-05-27	30.01	3.49
1290	2010-05-28	30.0	3.49
1291	2010-05-31	29.29	3.38
1292	2010-06-01	28.84	3.31
1293	2010-06-02	29.16	3.36
1294	2010-06-03	29.02	3.33
1295	2010-06-04	29.16	3.35
1296	2010-06-07	28.91	3.32
1297	2010-06-08	29.15	3.36
1298	2010-06-09	29.86	3.45
1299	2010-06-10	29.83	3.45
1300	2010-06-11	29.87	3.46
1301	2010-06-17	29.7	3.42
1302	2010-06-18	28.93	3.31
1303	2010-06-21	29.7	3.41
1304	2010-06-22	29.84	3.43
1305	2010-06-23	29.69	3.42
1306	2010-06-24	29.75	3.42
1307	2010-06-25	29.46	3.37
1308	2010-06-28	29.16	3.33
1309	2010-06-29	27.86	3.14
1310	2010-06-30	27.45	3.07
1311	2010-07-01	27.14	3.04
1312	2010-07-02	27.08	3.03
1313	2010-07-05	26.93	3.02
1314	2010-07-06	27.6	3.1
1315	2010-07-07	27.87	3.13
1316	2010-07-08	27.8	3.12
1317	2010-07-09	28.59	3.21
1318	2010-07-12	28.91	3.25
1319	2010-07-13	28.46	3.19
1320	2010-07-14	28.67	3.22
1321	2010-07-15	28.08	3.15
1322	2010-07-16	28.21	3.16
1323	2010-07-19	28.86	3.24
1324	2010-07-20	29.55	3.33
1325	2010-07-21	29.59	3.34
1326	2010-07-22	29.92	3.38
1327	2010-07-23	29.93	3.38
1328	2010-07-26	30.16	3.42
1329	2010-07-27	30.06	3.41
1330	2010-07-28	30.64	3.48
1331	2010-07-29	30.81	3.51
1332	2010-07-30	30.65	3.5
1333	2010-08-02	31.06	3.56
1334	2010-08-03	30.61	3.49
1335	2010-08-04	30.78	3.53
1336	2010-08-05	30.7	3.52
1337	2010-08-06	31.12	3.59
1338	2010-08-09	31.47	3.63
1339	2010-08-10	30.39	3.5
1340	2010-08-11	30.57	3.53
1341	2010-08-12	30.16	3.48
1342	2010-08-13	30.51	3.54
1343	2010-08-16	31.05	3.62
1344	2010-08-17	31.14	3.64
1345	2010-08-18	31.07	3.63
1346	2010-08-19	31.1	3.64
1347	2010-08-20	30.42	3.57
1348	2010-08-23	30.46	3.58
1349	2010-08-24	30.8	3.63
1350	2010-08-25	30.06	3.54
1351	2010-08-26	29.98	3.55
1352	2010-08-27	29.92	3.57
1353	2010-08-30	30.39	3.65
1354	2010-08-31	30.08	3.66
1355	2010-09-01	29.96	3.62
1356	2010-09-02	30.33	3.69
1357	2010-09-03	30.38	3.71
1358	2010-09-06	30.67	3.73
1359	2010-09-07	30.84	3.76
1360	2010-09-08	30.93	3.78
1361	2010-09-09	30.39	3.71
1362	2010-09-10	30.55	3.73
1363	2010-09-13	30.97	3.78
1364	2010-09-14	30.98	3.78
1365	2010-09-15	30.56	3.71
1366	2010-09-16	30.01	3.63
1367	2010-09-17	29.98	3.62
1368	2010-09-20	29.82	3.59
1369	2010-09-21	29.87	3.58
1370	2010-09-27	30.24	3.65
1371	2010-09-28	29.99	3.62
1372	2010-09-29	29.82	3.58
1373	2010-09-30	30.2	3.64
1374	2010-10-08	30.91	3.73
1375	2010-10-11	31.35	3.78
1376	2010-10-12	31.62	3.8
1377	2010-10-13	31.9	3.83
1378	2010-10-14	31.51	3.75
1379	2010-10-15	31.86	3.77
1380	2010-10-18	31.77	3.75
1381	2010-10-19	32.32	3.84
1382	2010-10-20	32.29	3.83
1383	2010-10-21	32.34	3.83
1384	2010-10-22	32.62	3.85
1385	2010-10-25	33.04	3.92
1386	2010-10-26	32.82	3.91
1387	2010-10-27	32.32	3.86
1388	2010-10-28	32.44	3.85
1389	2010-10-29	32.08	3.86
1390	2010-11-01	32.7	3.93
1391	2010-11-02	32.66	3.92
1392	2010-11-03	32.47	3.88
1393	2010-11-04	32.78	3.95
1394	2010-11-05	33.12	4.0
1395	2010-11-08	33.66	4.09
1396	2010-11-09	33.66	4.09
1397	2010-11-10	33.63	4.09
1398	2010-11-11	33.5	4.06
1399	2010-11-12	31.94	3.81
1400	2010-11-15	32.52	3.89
1401	2010-11-16	31.53	3.76
1402	2010-11-17	30.98	3.67
1403	2010-11-18	31.35	3.71
1404	2010-11-19	31.85	3.79
1405	2010-11-22	31.97	3.82
1406	2010-11-23	31.63	3.76
1407	2010-11-24	32.16	3.83
1408	2010-11-25	32.54	3.88
1409	2010-11-26	32.36	3.85
1410	2010-11-29	32.35	3.86
1411	2010-11-30	31.78	3.76
1412	2010-12-01	31.84	3.77
1413	2010-12-02	32.04	3.8
1414	2010-12-03	31.92	3.78
1415	2010-12-06	31.76	3.74
1416	2010-12-07	32.11	3.78
1417	2010-12-08	31.91	3.76
1418	2010-12-09	31.47	3.7
1419	2010-12-10	31.79	3.74
1420	2010-12-13	32.54	3.84
1421	2010-12-14	32.77	3.88
1422	2010-12-15	32.71	3.86
1423	2010-12-16	32.7	3.86
1424	2010-12-17	32.71	3.87
1425	2010-12-20	32.32	3.82
1426	2010-12-21	32.77	3.87
1427	2010-12-22	32.55	3.84
1428	2010-12-23	32.26	3.78
1429	2010-12-24	32.03	3.73
1430	2010-12-27	31.39	3.63
1431	2010-12-28	30.93	3.55
1432	2010-12-29	31.22	3.59
1433	2010-12-30	31.18	3.59
1434	2010-12-31	31.71	3.66
1435	2011-01-04	32.17	3.72
1436	2011-01-05	32.11	3.72
1437	2011-01-06	31.97	3.7
1438	2011-01-07	32.09	3.7
1439	2011-01-10	31.51	3.62
1440	2011-01-11	31.51	3.61
1441	2011-01-12	31.74	3.64
1442	2011-01-13	31.74	3.63
1443	2011-01-14	31.25	3.56
1444	2011-01-17	30.22	3.42
1445	2011-01-18	30.29	3.43
1446	2011-01-19	30.73	3.5
1447	2011-01-20	29.83	3.38
1448	2011-01-21	30.15	3.42
1449	2011-01-24	29.82	3.37
1450	2011-01-25	29.66	3.33
1451	2011-01-26	29.97	3.38
1452	2011-01-27	30.31	3.42
1453	2011-01-28	30.5	3.44
1454	2011-01-31	30.7	3.48
1455	2011-02-01	30.68	3.48
1456	2011-02-09	30.41	3.46
1457	2011-02-10	31.04	3.54
1458	2011-02-11	31.29	3.58
1459	2011-02-14	31.89	3.65
1460	2011-02-15	31.83	3.64
1461	2011-02-16	32.24	3.7
1462	2011-02-17	32.28	3.71
1463	2011-02-18	31.98	3.68
1464	2011-02-21	32.45	3.74
1465	2011-02-22	31.65	3.64
1466	2011-02-23	31.78	3.67
1467	2011-02-24	31.85	3.69
1468	2011-02-25	31.87	3.69
1469	2011-02-28	32.48	3.72
1470	2011-03-01	32.61	3.74
1471	2011-03-02	32.61	3.73
1472	2011-03-03	32.36	3.68
1473	2011-03-04	32.7	3.73
1474	2011-03-07	32.89	3.77
1475	2011-03-08	32.93	3.79
1476	2011-03-09	33.07	3.79
1477	2011-03-10	32.84	3.75
1478	2011-03-11	32.68	3.74
1479	2011-03-14	32.93	3.77
1480	2011-03-15	32.21	3.73
1481	2011-03-16	32.39	3.78
1482	2011-03-17	31.9	3.71
1483	2011-03-18	32.02	3.72
1484	2011-03-21	31.96	3.71
1485	2011-03-22	32.02	3.71
1486	2011-03-23	32.32	3.76
1487	2011-03-24	32.31	3.75
1488	2011-03-25	32.53	3.78
1489	2011-03-28	32.26	3.77
1490	2011-03-29	31.94	3.72
1491	2011-03-30	31.71	3.69
1492	2011-03-31	31.32	3.64
1493	2011-04-01	31.68	3.69
1494	2011-04-06	31.74	3.7
1495	2011-04-07	31.9	3.73
1496	2011-04-08	32.11	3.76
1497	2011-04-11	31.93	3.74
1498	2011-04-12	31.96	3.74
1499	2011-04-13	32.26	3.78
1500	2011-04-14	32.15	3.77
1501	2011-04-15	32.09	3.77
1502	2011-04-18	31.91	3.78
1503	2011-04-19	31.49	3.73
1504	2011-04-20	31.49	3.74
1505	2011-04-21	31.63	3.77
1506	2011-04-22	31.36	3.75
1507	2011-04-25	30.83	3.66
1508	2011-04-26	30.64	3.58
1509	2011-04-27	30.42	3.54
1510	2011-04-28	29.56	3.43
1511	2011-04-29	29.53	3.45
1512	2011-05-03	29.98	3.48
1513	2011-05-04	29.4	3.41
1514	2011-05-05	29.47	3.43
1515	2011-05-06	29.47	3.43
1516	2011-05-09	29.63	3.45
1517	2011-05-10	29.8	3.47
1518	2011-05-11	29.83	3.48
1519	2011-05-12	29.48	3.43
1520	2011-05-13	29.63	3.46
1521	2011-05-16	29.58	3.45
1522	2011-05-17	29.55	3.44
1523	2011-05-18	29.63	3.46
1524	2011-05-19	29.51	3.44
1525	2011-05-20	29.41	3.43
1526	2011-05-23	28.49	3.3
1527	2011-05-24	28.49	3.31
1528	2011-05-25	28.12	3.26
1529	2011-05-26	27.95	3.24
1530	2011-05-27	27.4	3.17
1531	2011-05-30	27.14	3.13
1532	2011-05-31	27.61	3.19
1533	2011-06-01	27.8	3.21
1534	2011-06-02	27.36	3.16
1535	2011-06-03	27.71	3.2
1536	2011-06-07	27.87	3.22
1537	2011-06-08	27.89	3.23
1538	2011-06-09	27.35	3.16
1539	2011-06-10	27.36	3.17
1540	2011-06-13	27.29	3.16
1541	2011-06-14	27.66	3.2
1542	2011-06-15	27.42	3.18
1543	2011-06-16	26.91	3.11
1544	2011-06-17	26.66	3.07
1545	2011-06-20	26.46	3.04
1546	2011-06-21	26.78	3.08
1547	2011-06-22	26.74	3.07
1548	2011-06-23	27.23	3.13
1549	2011-06-24	27.83	3.2
1550	2011-06-27	28.06	3.24
1551	2011-06-28	28.07	3.24
1552	2011-06-29	27.72	3.2
1553	2011-06-30	28.08	3.24
1554	2011-07-01	28.16	3.25
1555	2011-07-04	28.79	3.32
1556	2011-07-05	28.91	3.34
1557	2011-07-06	28.94	3.35
1558	2011-07-07	28.94	3.34
1559	2011-07-08	28.91	3.35
1560	2011-07-11	29.02	3.37
1561	2011-07-12	28.59	3.31
1562	2011-07-13	29.04	3.37
1563	2011-07-14	29.28	3.4
1564	2011-07-15	29.48	3.42
1565	2011-07-18	29.42	3.42
1566	2011-07-19	29.06	3.38
1567	2011-07-20	29.09	3.38
1568	2011-07-21	28.74	3.33
1569	2011-07-22	28.86	3.35
1570	2011-07-25	27.95	3.22
1571	2011-07-26	27.99	3.23
1572	2011-07-27	28.31	3.27
1573	2011-07-28	28.11	3.25
1574	2011-07-29	28.01	3.23
1575	2011-08-01	28.01	3.25
1576	2011-08-02	27.88	3.23
1577	2011-08-03	27.99	3.24
1578	2011-08-04	28.06	3.25
1579	2011-08-05	27.58	3.16
1580	2011-08-08	26.46	3.0
1581	2011-08-09	26.22	2.99
1582	2011-08-10	26.47	3.02
1583	2011-08-11	26.9	3.07
1584	2011-08-12	27.03	3.1
1585	2011-08-15	27.42	3.15
1586	2011-08-16	27.25	3.13
1587	2011-08-17	27.07	3.12
1588	2011-08-18	26.67	3.07
1589	2011-08-19	26.43	3.03
1590	2011-08-22	26.24	3.02
1591	2011-08-23	26.66	3.07
1592	2011-08-24	26.52	3.07
1593	2011-08-25	27.1	3.13
1594	2011-08-26	27.08	3.14
1595	2011-08-29	26.78	3.1
1596	2011-08-30	26.49	3.07
1597	2011-08-31	26.41	3.06
1598	2011-09-01	26.3	3.04
1599	2011-09-02	25.99	3.01
1600	2011-09-05	25.46	2.93
1601	2011-09-06	25.31	2.91
1602	2011-09-07	25.85	2.98
1603	2011-09-08	25.59	2.95
1604	2011-09-09	25.52	2.94
1605	2011-09-13	25.23	2.9
1606	2011-09-14	25.46	2.94
1607	2011-09-15	25.45	2.94
1608	2011-09-16	25.45	2.94
1609	2011-09-19	25.0	2.87
1610	2011-09-20	25.09	2.89
1611	2011-09-21	25.76	2.97
1612	2011-09-22	25.1	2.88
1613	2011-09-23	25.0	2.87
1614	2011-09-26	24.64	2.82
1615	2011-09-27	24.78	2.84
1616	2011-09-28	24.47	2.79
1617	2011-09-29	23.98	2.72
1618	2011-09-30	23.89	2.7
1619	2011-10-10	23.75	2.69
1620	2011-10-11	23.7	2.69
1621	2011-10-12	24.47	2.78
1622	2011-10-13	24.71	2.82
1623	2011-10-14	24.61	2.8
1624	2011-10-17	24.72	2.81
1625	2011-10-18	24.03	2.73
1626	2011-10-19	23.96	2.72
1627	2011-10-20	23.39	2.64
1628	2011-10-21	23.11	2.6
1629	2011-10-24	23.45	2.64
1630	2011-10-25	23.81	2.7
1631	2011-10-26	24.0	2.71
1632	2011-10-27	24.02	2.71
1633	2011-10-28	24.36	2.76
1634	2011-10-31	24.14	2.76
1635	2011-11-01	24.11	2.76
1636	2011-11-02	24.5	2.81
1637	2011-11-03	24.6	2.82
1638	2011-11-04	24.79	2.85
1639	2011-11-07	24.65	2.84
1640	2011-11-08	24.47	2.8
1641	2011-11-09	24.77	2.84
1642	2011-11-10	24.41	2.81
1643	2011-11-11	24.37	2.8
1644	2011-11-14	24.86	2.87
1645	2011-11-15	24.94	2.88
1646	2011-11-16	24.35	2.8
1647	2011-11-17	24.36	2.81
1648	2011-11-18	23.85	2.73
1649	2011-11-21	23.87	2.74
1650	2011-11-22	23.83	2.73
1651	2011-11-23	23.66	2.72
1652	2011-11-24	23.68	2.71
1653	2011-11-25	23.52	2.69
1654	2011-11-28	23.47	2.69
1655	2011-11-29	23.83	2.73
1656	2011-11-30	22.99	2.61
1657	2011-12-01	23.41	2.66
1658	2011-12-02	23.08	2.61
1659	2011-12-05	22.61	2.54
1660	2011-12-06	22.63	2.54
1661	2011-12-07	22.68	2.55
1662	2011-12-08	22.71	2.55
1663	2011-12-09	22.54	2.53
1664	2011-12-12	22.33	2.5
1665	2011-12-13	21.69	2.41
1666	2011-12-14	21.33	2.37
1667	2011-12-15	20.86	2.31
1668	2011-12-16	21.36	2.37
1669	2011-12-19	21.35	2.37
1670	2011-12-20	21.34	2.36
1671	2011-12-21	20.97	2.31
1672	2011-12-22	20.75	2.28
1673	2011-12-23	20.94	2.29
1674	2011-12-26	20.81	2.28
1675	2011-12-27	20.38	2.22
1676	2011-12-28	20.3	2.21
1677	2011-12-29	20.3	2.21
1678	2011-12-30	20.63	2.24
1679	2012-01-04	20.19	2.19
1680	2012-01-05	19.59	2.11
1681	2012-01-06	19.72	2.12
1682	2012-01-09	20.43	2.21
1683	2012-01-10	21.12	2.29
1684	2012-01-11	21.1	2.29
1685	2012-01-12	21.05	2.29
1686	2012-01-13	20.43	2.21
1687	2012-01-16	19.93	2.15
1688	2012-01-17	20.91	2.26
1689	2012-01-18	20.53	2.21
1690	2012-01-19	20.78	2.23
1691	2012-01-20	21.09	2.26
1692	2012-01-30	20.94	2.25
1693	2012-01-31	20.93	2.24
1694	2012-02-01	20.78	2.23
1695	2012-02-02	21.14	2.27
1696	2012-02-03	21.39	2.3
1697	2012-02-06	21.52	2.32
1698	2012-02-07	21.17	2.28
1699	2012-02-08	21.67	2.34
1700	2012-02-09	21.8	2.36
1701	2012-02-10	22.13	2.37
1702	2012-02-13	22.29	2.39
1703	2012-02-14	22.29	2.39
1704	2012-02-15	22.59	2.43
1705	2012-02-16	22.57	2.43
1706	2012-02-17	22.51	2.42
1707	2012-02-20	22.58	2.43
1708	2012-02-21	22.81	2.45
1709	2012-02-22	23.2	2.5
1710	2012-02-23	23.27	2.51
1711	2012-02-24	23.6	2.54
1712	2012-02-27	23.68	2.54
1713	2012-02-28	23.64	2.53
1714	2012-02-29	23.4	2.49
1715	2012-03-01	23.5	2.5
1716	2012-03-02	23.9	2.55
1717	2012-03-05	23.89	2.55
1718	2012-03-06	23.65	2.52
1719	2012-03-07	23.53	2.51
1720	2012-03-08	23.83	2.54
1721	2012-03-09	24.08	2.58
1722	2012-03-12	24.08	2.58
1723	2012-03-13	24.55	2.61
1724	2012-03-14	23.63	2.49
1725	2012-03-15	23.36	2.46
1726	2012-03-16	23.77	2.51
1727	2012-03-19	24.05	2.54
1728	2012-03-20	23.55	2.49
1729	2012-03-21	23.54	2.5
1730	2012-03-22	23.56	2.5
1731	2012-03-23	23.2	2.45
1732	2012-03-26	23.27	2.44
1733	2012-03-27	23.3	2.44
1734	2012-03-28	22.35	2.33
1735	2012-03-29	21.97	2.29
1736	2012-03-30	21.99	2.28
1737	2012-04-05	22.58	2.34
1738	2012-04-06	22.78	2.36
1739	2012-04-09	22.6	2.34
1740	2012-04-10	22.79	2.36
1741	2012-04-11	22.84	2.38
1742	2012-04-12	23.34	2.42
1743	2012-04-13	23.45	2.44
1744	2012-04-16	23.39	2.45
1745	2012-04-17	23.12	2.41
1746	2012-04-18	23.62	2.47
1747	2012-04-19	23.61	2.46
1748	2012-04-20	23.77	2.48
1749	2012-04-23	23.54	2.44
1750	2012-04-24	23.36	2.41
1751	2012-04-25	23.56	2.44
1752	2012-04-26	23.6	2.42
1753	2012-04-27	23.46	2.41
1754	2012-05-02	23.19	2.44
1755	2012-05-03	23.19	2.44
1756	2012-05-04	23.37	2.46
1757	2012-05-07	23.47	2.48
1758	2012-05-08	23.48	2.48
1759	2012-05-09	23.04	2.44
1760	2012-05-10	23.08	2.44
1761	2012-05-11	22.98	2.43
1762	2012-05-14	22.87	2.42
1763	2012-05-15	22.84	2.42
1764	2012-05-16	22.54	2.39
1765	2012-05-17	22.83	2.43
1766	2012-05-18	22.51	2.4
1767	2012-05-21	22.47	2.39
1768	2012-05-22	22.71	2.42
1769	2012-05-23	22.63	2.41
1770	2012-05-24	22.46	2.39
1771	2012-05-25	22.23	2.36
1772	2012-05-28	22.53	2.4
1773	2012-05-29	22.84	2.43
1774	2012-05-30	22.84	2.44
1775	2012-05-31	22.84	2.44
1776	2012-06-01	22.78	2.43
1777	2012-06-04	22.1	2.35
1778	2012-06-05	22.05	2.35
1779	2012-06-06	22.02	2.34
1780	2012-06-07	21.94	2.33
1781	2012-06-08	21.8	2.32
1782	2012-06-11	22.08	2.35
1783	2012-06-12	21.94	2.34
1784	2012-06-13	22.24	2.37
1785	2012-06-14	22.1	2.36
1786	2012-06-15	22.17	2.37
1787	2012-06-18	22.32	2.38
1788	2012-06-19	22.21	2.37
1789	2012-06-20	22.21	2.37
1790	2012-06-21	21.93	2.33
1791	2012-06-25	21.48	2.27
1792	2012-06-26	21.48	2.27
1793	2012-06-27	21.42	2.27
1794	2012-06-28	21.19	2.24
1795	2012-06-29	21.48	2.26
1796	2012-07-02	21.57	2.27
1797	2012-07-03	21.6	2.28
1798	2012-07-04	21.61	2.27
1799	2012-07-05	21.23	2.22
1800	2012-07-06	21.42	2.26
1801	2012-07-09	20.89	2.19
1802	2012-07-10	20.78	2.17
1803	2012-07-11	20.85	2.19
1804	2012-07-12	21.04	2.21
1805	2012-07-13	20.94	2.19
1806	2012-07-16	20.25	2.1
1807	2012-07-17	20.34	2.12
1808	2012-07-18	20.5	2.14
1809	2012-07-19	20.67	2.17
1810	2012-07-20	20.51	2.15
1811	2012-07-23	20.31	2.13
1812	2012-07-24	20.43	2.15
1813	2012-07-25	20.3	2.13
1814	2012-07-26	20.17	2.11
1815	2012-07-27	20.18	2.11
1816	2012-07-30	19.96	2.07
1817	2012-07-31	19.68	2.03
1818	2012-08-01	19.89	2.06
1819	2012-08-02	19.78	2.04
1820	2012-08-03	20.1	2.08
1821	2012-08-06	20.46	2.12
1822	2012-08-07	20.61	2.14
1823	2012-08-08	20.63	2.14
1824	2012-08-09	20.84	2.16
1825	2012-08-10	20.77	2.16
1826	2012-08-13	20.53	2.11
1827	2012-08-14	20.66	2.13
1828	2012-08-15	20.46	2.1
1829	2012-08-16	20.34	2.09
1830	2012-08-17	20.39	2.09
1831	2012-08-20	20.4	2.09
1832	2012-08-21	20.72	2.12
1833	2012-08-22	20.65	2.11
1834	2012-08-23	20.88	2.12
1835	2012-08-24	20.53	2.08
1836	2012-08-27	20.11	2.03
1837	2012-08-28	20.22	2.04
1838	2012-08-29	20.24	2.03
1839	2012-08-30	19.91	2.0
1840	2012-08-31	19.99	2.01
1841	2012-09-03	20.21	2.03
1842	2012-09-04	20.02	2.01
1843	2012-09-05	20.04	2.02
1844	2012-09-06	20.24	2.05
1845	2012-09-07	20.94	2.12
1846	2012-09-10	21.11	2.14
1847	2012-09-11	21.01	2.13
1848	2012-09-12	21.14	2.14
1849	2012-09-13	20.86	2.12
1850	2012-09-14	20.92	2.12
1851	2012-09-17	20.34	2.06
1852	2012-09-18	20.26	2.05
1853	2012-09-19	20.4	2.07
1854	2012-09-20	19.85	2.0
1855	2012-09-21	19.75	1.99
1856	2012-09-24	19.83	2.0
1857	2012-09-25	19.71	1.98
1858	2012-09-26	19.32	1.94
1859	2012-09-27	19.79	1.98
1860	2012-09-28	20.1	2.01
1861	2012-10-08	20.01	2.01
1862	2012-10-09	20.52	2.06
1863	2012-10-10	20.67	2.08
1864	2012-10-11	20.37	2.05
1865	2012-10-12	20.36	2.05
1866	2012-10-15	20.19	2.03
1867	2012-10-16	20.26	2.03
1868	2012-10-17	20.3	2.04
1869	2012-10-18	20.59	2.08
1870	2012-10-19	20.57	2.07
1871	2012-10-22	20.74	2.08
1872	2012-10-23	20.59	2.06
1873	2012-10-24	20.67	2.06
1874	2012-10-25	20.53	2.05
1875	2012-10-26	20.15	1.99
1876	2012-10-29	20.2	1.98
1877	2012-10-30	20.23	1.98
1878	2012-10-31	20.49	1.98
1879	2012-11-01	20.86	2.02
1880	2012-11-02	20.98	2.03
1881	2012-11-05	20.97	2.02
1882	2012-11-06	20.83	2.01
1883	2012-11-07	20.8	2.01
1884	2012-11-08	20.34	1.95
1885	2012-11-09	20.32	1.95
1886	2012-11-12	20.47	1.97
1887	2012-11-13	20.11	1.93
1888	2012-11-14	20.12	1.94
1889	2012-11-15	19.8	1.9
1890	2012-11-16	19.69	1.89
1891	2012-11-19	19.76	1.9
1892	2012-11-20	19.7	1.89
1893	2012-11-21	19.94	1.92
1894	2012-11-22	19.74	1.9
1895	2012-11-23	19.81	1.9
1896	2012-11-26	19.66	1.88
1897	2012-11-27	19.11	1.82
1898	2012-11-28	18.76	1.78
1899	2012-11-29	18.6	1.76
1900	2012-11-30	18.8	1.78
1901	2012-12-03	18.4	1.74
1902	2012-12-04	18.62	1.76
1903	2012-12-05	19.26	1.83
1904	2012-12-06	19.26	1.82
1905	2012-12-07	19.67	1.87
1906	2012-12-10	19.99	1.9
1907	2012-12-11	19.87	1.89
1908	2012-12-12	19.91	1.89
1909	2012-12-13	19.65	1.86
1910	2012-12-14	20.54	1.94
1911	2012-12-17	20.68	1.96
1912	2012-12-18	20.64	1.96
1913	2012-12-19	20.71	1.96
1914	2012-12-20	20.75	1.97
1915	2012-12-21	20.77	1.96
1916	2012-12-24	20.88	1.98
1917	2012-12-25	21.42	2.02
1918	2012-12-26	21.68	2.05
1919	2012-12-27	21.49	2.03
1920	2012-12-28	21.66	2.05
1921	2012-12-31	21.99	2.07
1922	2013-01-04	21.95	2.07
1923	2013-01-07	22.09	2.09
1924	2013-01-08	22.22	2.1
1925	2013-01-09	22.2	2.11
1926	2013-01-10	22.25	2.11
1927	2013-01-11	21.81	2.07
1928	2013-01-14	22.5	2.14
1929	2013-01-15	22.84	2.17
1930	2013-01-16	22.69	2.16
1931	2013-01-17	22.54	2.14
1932	2013-01-18	22.84	2.17
1933	2013-01-21	23.08	2.19
1934	2013-01-22	22.83	2.16
1935	2013-01-23	22.8	2.16
1936	2013-01-24	22.39	2.11
1937	2013-01-25	22.33	2.11
1938	2013-01-28	22.87	2.16
1939	2013-01-29	23.0	2.18
1940	2013-01-30	23.12	2.18
1941	2013-01-31	23.0	2.17
1942	2013-02-01	23.27	2.19
1943	2013-02-04	23.2	2.19
1944	2013-02-05	23.39	2.21
1945	2013-02-06	23.5	2.21
1946	2013-02-07	23.5	2.21
1947	2013-02-08	23.74	2.24
1948	2013-02-18	23.73	2.25
1949	2013-02-19	23.34	2.21
1950	2013-02-20	23.61	2.24
1951	2013-02-21	23.06	2.19
1952	2013-02-22	23.01	2.18
1953	2013-02-25	23.2	2.2
1954	2013-02-26	22.9	2.17
1955	2013-02-27	23.09	2.17
1956	2013-02-28	23.58	2.21
1957	2013-03-01	23.71	2.23
1958	2013-03-04	22.89	2.14
1959	2013-03-05	23.39	2.19
1960	2013-03-06	23.71	2.23
1961	2013-03-07	23.48	2.21
1962	2013-03-08	23.33	2.19
1963	2013-03-11	23.3	2.19
1964	2013-03-12	22.76	2.14
1965	2013-03-13	22.54	2.12
1966	2013-03-14	22.61	2.12
1967	2013-03-15	22.69	2.13
1968	2013-03-18	22.41	2.09
1969	2013-03-19	22.52	2.11
1970	2013-03-20	23.1	2.16
1971	2013-03-21	23.24	2.18
1972	2013-03-22	23.31	2.18
1973	2013-03-25	23.3	2.19
1974	2013-03-26	23.22	2.16
1975	2013-03-27	23.24	2.17
1976	2013-03-28	22.57	2.09
1977	2013-03-29	22.66	2.09
1978	2013-04-01	22.77	2.1
1979	2013-04-02	22.52	2.09
1980	2013-04-03	22.3	2.06
1981	2013-04-08	22.25	2.06
1982	2013-04-09	22.35	2.08
1983	2013-04-10	22.32	2.07
1984	2013-04-11	22.27	2.07
1985	2013-04-12	22.11	2.05
1986	2013-04-15	21.71	2.02
1987	2013-04-16	21.84	2.04
1988	2013-04-17	21.9	2.05
1989	2013-04-18	21.98	2.05
1990	2013-04-19	22.44	2.09
1991	2013-04-22	22.52	2.1
1992	2013-04-23	21.96	2.04
1993	2013-04-24	22.28	2.07
1994	2013-04-25	21.89	2.04
1995	2013-04-26	21.63	2.0
1996	2013-05-02	21.36	2.0
1997	2013-05-03	21.69	2.03
1998	2013-05-06	21.96	2.07
1999	2013-05-07	21.97	2.07
2000	2013-05-08	22.12	2.08
2001	2013-05-09	22.09	2.08
2002	2013-05-10	22.23	2.1
2003	2013-05-13	22.24	2.11
2004	2013-05-14	21.98	2.08
2005	2013-05-15	22.17	2.1
2006	2013-05-16	22.41	2.12
2007	2013-05-17	22.73	2.16
2008	2013-05-20	22.92	2.19
2009	2013-05-21	23.08	2.21
2010	2013-05-22	22.98	2.2
2011	2013-05-23	22.85	2.18
2012	2013-05-24	22.97	2.21
2013	2013-05-27	23.05	2.22
2014	2013-05-28	23.12	2.23
2015	2013-05-29	23.25	2.24
2016	2013-05-30	23.24	2.24
2017	2013-05-31	23.09	2.22
2018	2013-06-03	22.96	2.21
2019	2013-06-04	22.56	2.17
2020	2013-06-05	22.53	2.18
2021	2013-06-06	22.17	2.14
2022	2013-06-07	21.77	2.11
2023	2013-06-13	21.07	2.04
2024	2013-06-14	21.23	2.07
2025	2013-06-17	21.07	2.07
2026	2013-06-18	21.07	2.07
2027	2013-06-19	20.95	2.07
2028	2013-06-20	20.44	2.0
2029	2013-06-21	20.26	1.99
2030	2013-06-24	19.18	1.86
2031	2013-06-25	19.08	1.85
2032	2013-06-26	19.2	1.86
2033	2013-06-27	19.04	1.84
2034	2013-06-28	19.16	1.84
2035	2013-07-01	19.35	1.87
2036	2013-07-02	19.51	1.89
2037	2013-07-03	19.33	1.88
2038	2013-07-04	19.5	1.9
2039	2013-07-05	19.47	1.89
2040	2013-07-08	18.76	1.82
2041	2013-07-09	18.84	1.83
2042	2013-07-10	19.37	1.88
2043	2013-07-11	20.06	1.94
2044	2013-07-12	19.79	1.91
2045	2013-07-15	20.06	1.94
2046	2013-07-16	20.2	1.96
2047	2013-07-17	19.99	1.94
2048	2013-07-18	19.82	1.92
2049	2013-07-19	19.35	1.88
2050	2013-07-22	19.52	1.9
2051	2013-07-23	19.91	1.95
2052	2013-07-24	19.83	1.95
2053	2013-07-25	19.61	1.92
2054	2013-07-26	19.69	1.92
2055	2013-07-29	19.33	1.89
2056	2013-07-30	19.51	1.89
2057	2013-07-31	19.6	1.9
2058	2013-08-01	20.08	1.94
2059	2013-08-02	20.24	1.95
2060	2013-08-05	20.52	1.98
2061	2013-08-06	20.65	2.0
2062	2013-08-07	20.46	1.98
2063	2013-08-08	20.51	1.98
2064	2013-08-09	20.63	1.99
2065	2013-08-12	21.12	2.03
2066	2013-08-13	21.27	2.05
2067	2013-08-14	21.17	2.03
2068	2013-08-15	21.08	2.01
2069	2013-08-16	20.85	1.98
2070	2013-08-19	21.11	2.01
2071	2013-08-20	21.12	2.0
2072	2013-08-21	21.2	2.01
2073	2013-08-22	21.05	2.01
2074	2013-08-23	20.84	2.0
2075	2013-08-26	21.34	2.04
2076	2013-08-27	21.48	2.05
2077	2013-08-28	21.17	2.04
2078	2013-08-29	21.16	2.04
2079	2013-08-30	21.03	2.03
2080	2013-09-02	21.06	2.03
2081	2013-09-03	21.25	2.06
2082	2013-09-04	21.25	2.07
2083	2013-09-05	21.16	2.06
2084	2013-09-06	21.28	2.08
2085	2013-09-09	21.75	2.11
2086	2013-09-10	21.99	2.14
2087	2013-09-11	21.98	2.14
2088	2013-09-12	22.11	2.14
2089	2013-09-13	22.08	2.14
2090	2013-09-16	21.99	2.14
2091	2013-09-17	21.67	2.1
2092	2013-09-18	21.73	2.11
2093	2013-09-23	22.01	2.14
2094	2013-09-24	21.89	2.14
2095	2013-09-25	21.78	2.13
2096	2013-09-26	21.39	2.08
2097	2013-09-27	21.41	2.08
2098	2013-09-30	21.6	2.1
2099	2013-10-08	21.9	2.13
2100	2013-10-09	22.07	2.15
2101	2013-10-10	21.88	2.14
2102	2013-10-11	22.24	2.18
2103	2013-10-14	22.37	2.2
2104	2013-10-15	22.28	2.19
2105	2013-10-16	21.84	2.14
2106	2013-10-17	21.9	2.15
2107	2013-10-18	21.95	2.15
2108	2013-10-21	22.32	2.19
2109	2013-10-22	22.14	2.18
2110	2013-10-23	21.76	2.14
2111	2013-10-24	21.62	2.12
2112	2013-10-25	21.27	2.09
2113	2013-10-28	21.06	2.08
2114	2013-10-29	20.76	2.03
2115	2013-10-30	20.88	2.05
2116	2013-10-31	20.69	2.04
2117	2013-11-01	20.66	2.03
2118	2013-11-04	20.72	2.04
2119	2013-11-05	20.86	2.06
2120	2013-11-06	20.66	2.04
2121	2013-11-07	20.48	2.02
2122	2013-11-08	20.21	1.99
2123	2013-11-11	20.33	2.01
2124	2013-11-12	20.5	2.03
2125	2013-11-13	20.14	1.99
2126	2013-11-14	20.25	2.01
2127	2013-11-15	20.61	2.05
2128	2013-11-18	21.07	2.1
2129	2013-11-19	21.1	2.1
2130	2013-11-20	21.26	2.12
2131	2013-11-21	21.11	2.12
2132	2013-11-22	21.02	2.11
2133	2013-11-25	21.06	2.11
2134	2013-11-26	21.05	2.11
2135	2013-11-27	21.24	2.13
2136	2013-11-28	21.44	2.15
2137	2013-11-29	21.53	2.16
2138	2013-12-02	20.84	2.08
2139	2013-12-03	21.13	2.11
2140	2013-12-04	21.38	2.14
2141	2013-12-05	21.41	2.15
2142	2013-12-06	21.42	2.14
2143	2013-12-09	21.52	2.16
2144	2013-12-10	21.57	2.16
2145	2013-12-11	21.34	2.13
2146	2013-12-12	21.37	2.14
2147	2013-12-13	21.38	2.14
2148	2013-12-16	21.07	2.11
2149	2013-12-17	20.96	2.1
2150	2013-12-18	20.94	2.09
2151	2013-12-19	20.75	2.08
2152	2013-12-20	20.42	2.04
2153	2013-12-23	20.33	2.03
2154	2013-12-24	20.45	2.05
2155	2013-12-25	20.64	2.07
2156	2013-12-26	20.2	2.03
2157	2013-12-27	20.53	2.06
2158	2013-12-30	20.54	2.07
2159	2013-12-31	20.68	2.08
2160	2014-01-02	20.76	2.08
2161	2014-01-03	20.53	2.06
2162	2014-01-06	20.0	2.0
2163	2014-01-07	20.06	2.01
2164	2014-01-08	20.04	2.0
2165	2014-01-09	19.76	1.98
2166	2014-01-10	19.62	1.95
2167	2014-01-13	19.69	1.94
2168	2014-01-14	19.85	1.98
2169	2014-01-15	19.85	1.98
2170	2014-01-16	19.94	1.98
2171	2014-01-17	19.63	1.96
2172	2014-01-20	19.5	1.95
2173	2014-01-21	19.72	1.98
2174	2014-01-22	20.14	2.02
2175	2014-01-23	20.19	2.02
2176	2014-01-24	20.35	2.04
2177	2014-01-27	20.24	2.03
2178	2014-01-28	20.29	2.03
2179	2014-01-29	20.38	2.05
2180	2014-01-30	20.26	2.03
2181	2014-02-07	20.43	2.06
2182	2014-02-10	20.89	2.11
2183	2014-02-11	21.08	2.12
2184	2014-02-12	21.25	2.15
2185	2014-02-13	21.05	2.12
2186	2014-02-14	21.38	2.15
2187	2014-02-17	21.61	2.19
2188	2014-02-18	21.4	2.18
2189	2014-02-19	21.49	2.19
2190	2014-02-20	21.26	2.17
2191	2014-02-21	21.08	2.15
2192	2014-02-24	20.79	2.13
2193	2014-02-25	20.19	2.06
2194	2014-02-26	20.32	2.07
2195	2014-02-27	20.22	2.06
2196	2014-02-28	20.35	2.08
2197	2014-03-03	20.58	2.11
2198	2014-03-04	20.6	2.1
2199	2014-03-05	20.49	2.1
2200	2014-03-06	20.58	2.1
2201	2014-03-07	20.46	2.09
2202	2014-03-10	19.85	2.02
2203	2014-03-11	19.95	2.03
2204	2014-03-12	19.95	2.03
2205	2014-03-13	20.13	2.05
2206	2014-03-14	20.02	2.04
2207	2014-03-17	20.32	2.07
2208	2014-03-18	20.3	2.08
2209	2014-03-19	20.36	2.08
2210	2014-03-20	20.08	2.04
2211	2014-03-21	20.52	2.09
2212	2014-03-24	20.74	2.12
2213	2014-03-25	20.7	2.12
2214	2014-03-26	20.79	2.11
2215	2014-03-27	20.65	2.09
2216	2014-03-28	20.55	2.06
2217	2014-03-31	20.29	2.04
2218	2014-04-01	20.42	2.07
2219	2014-04-02	20.65	2.08
2220	2014-04-03	20.54	2.06
2221	2014-04-04	20.72	2.09
2222	2014-04-08	21.04	2.11
2223	2014-04-09	21.15	2.12
2224	2014-04-10	21.22	2.13
2225	2014-04-11	21.2	2.13
2226	2014-04-14	21.45	2.14
2227	2014-04-15	20.92	2.12
2228	2014-04-16	21.02	2.13
2229	2014-04-17	20.99	2.13
2230	2014-04-18	20.95	2.13
2231	2014-04-21	20.69	2.09
2232	2014-04-22	20.74	2.09
2233	2014-04-23	20.8	2.09
2234	2014-04-24	20.6	2.07
2235	2014-04-25	20.23	2.03
2236	2014-04-28	20.66	1.97
2237	2014-04-29	20.73	1.98
2238	2014-04-30	20.77	1.99
2239	2014-05-05	20.85	2.0
2240	2014-05-06	20.81	2.01
2241	2014-05-07	20.65	1.98
2242	2014-05-08	20.66	1.99
2243	2014-05-09	20.57	1.98
2244	2014-05-12	20.93	2.03
2245	2014-05-13	20.89	2.03
2246	2014-05-14	20.9	2.03
2247	2014-05-15	20.61	2.0
2248	2014-05-16	20.6	2.0
2249	2014-05-19	20.47	1.99
2250	2014-05-20	20.5	1.99
2251	2014-05-21	20.7	2.01
2252	2014-05-22	20.67	2.01
2253	2014-05-23	20.81	2.02
2254	2014-05-26	20.88	2.04
2255	2014-05-27	20.85	2.03
2256	2014-05-28	21.05	2.05
2257	2014-05-29	20.88	2.03
2258	2014-05-30	20.85	2.03
2259	2014-06-03	20.83	2.03
2260	2014-06-04	20.66	2.01
2261	2014-06-05	20.8	2.03
2262	2014-06-06	20.74	2.02
2263	2014-06-09	20.74	2.02
2264	2014-06-10	20.93	2.04
2265	2014-06-11	20.99	2.05
2266	2014-06-12	20.92	2.04
2267	2014-06-13	21.13	2.06
2268	2014-06-16	21.25	2.07
2269	2014-06-17	21.08	2.05
2270	2014-06-18	20.91	2.04
2271	2014-06-19	20.57	1.99
2272	2014-06-20	20.67	2.01
2273	2014-06-23	20.76	2.02
2274	2014-06-24	20.83	2.04
2275	2014-06-25	20.78	2.03
2276	2014-06-26	20.92	2.05
2277	2014-06-27	20.97	2.07
2278	2014-06-30	21.09	2.09
2279	2014-07-01	21.16	2.1
2280	2014-07-02	21.24	2.11
2281	2014-07-03	21.34	2.12
2282	2014-07-04	21.31	2.12
2283	2014-07-07	21.32	2.12
2284	2014-07-08	21.43	2.13
2285	2014-07-09	21.16	2.1
2286	2014-07-10	21.21	2.1
2287	2014-07-11	21.25	2.12
2288	2014-07-14	21.45	2.14
2289	2014-07-15	21.44	2.15
2290	2014-07-16	21.4	2.14
2291	2014-07-17	21.29	2.13
2292	2014-07-18	21.37	2.14
2293	2014-07-21	21.3	2.13
2294	2014-07-22	21.5	2.15
2295	2014-07-23	21.44	2.14
2296	2014-07-24	21.6	2.15
2297	2014-07-25	21.76	2.17
2298	2014-07-28	22.21	2.22
2299	2014-07-29	22.26	2.23
2300	2014-07-30	22.2	2.23
2301	2014-07-31	22.37	2.25
2302	2014-08-01	22.17	2.23
2303	2014-08-04	22.52	2.27
2304	2014-08-05	22.51	2.28
2305	2014-08-06	22.73	2.29
2306	2014-08-07	22.45	2.26
2307	2014-08-08	22.47	2.27
2308	2014-08-11	22.8	2.31
2309	2014-08-12	22.79	2.31
2310	2014-08-13	22.76	2.31
2311	2014-08-14	22.63	2.29
2312	2014-08-15	22.51	2.31
2313	2014-08-18	22.73	2.34
2314	2014-08-19	22.75	2.35
2315	2014-08-20	22.68	2.35
2316	2014-08-21	22.57	2.34
2317	2014-08-22	22.65	2.35
2318	2014-08-25	22.53	2.34
2319	2014-08-26	22.24	2.29
2320	2014-08-27	22.27	2.29
2321	2014-08-28	22.01	2.27
2322	2014-08-29	22.21	2.29
2323	2014-09-01	22.27	2.32
2324	2014-09-02	22.58	2.36
2325	2014-09-03	22.77	2.38
2326	2014-09-04	22.89	2.4
2327	2014-09-05	23.0	2.41
2328	2014-09-09	23.1	2.42
2329	2014-09-10	23.11	2.43
2330	2014-09-11	23.09	2.43
2331	2014-09-12	23.28	2.46
2332	2014-09-15	23.47	2.49
2333	2014-09-16	22.98	2.43
2334	2014-09-17	23.11	2.45
2335	2014-09-18	23.25	2.46
2336	2014-09-19	23.38	2.49
2337	2014-09-22	23.05	2.45
2338	2014-09-23	23.24	2.48
2339	2014-09-24	23.49	2.51
2340	2014-09-25	23.49	2.51
2341	2014-09-26	23.55	2.52
2342	2014-09-29	23.69	2.54
2343	2014-09-30	23.83	2.56
2344	2014-10-08	24.06	2.59
2345	2014-10-09	24.11	2.6
2346	2014-10-10	23.97	2.58
2347	2014-10-13	23.97	2.59
2348	2014-10-14	23.92	2.58
2349	2014-10-15	24.03	2.6
2350	2014-10-16	23.84	2.57
2351	2014-10-17	23.63	2.54
2352	2014-10-20	23.9	2.56
2353	2014-10-21	23.8	2.54
2354	2014-10-22	23.68	2.51
2355	2014-10-23	23.52	2.47
2356	2014-10-24	23.41	2.46
2357	2014-10-27	23.36	2.47
2358	2014-10-28	23.82	2.52
2359	2014-10-29	24.15	2.56
2360	2014-10-30	24.35	2.56
2361	2014-10-31	24.39	2.58
2362	2014-11-03	24.58	2.61
2363	2014-11-04	24.48	2.6
2364	2014-11-05	24.4	2.6
2365	2014-11-06	24.5	2.61
2366	2014-11-07	24.38	2.59
2367	2014-11-10	24.8	2.63
2368	2014-11-11	24.54	2.57
2369	2014-11-12	24.82	2.61
2370	2014-11-13	24.68	2.6
2371	2014-11-14	24.62	2.58
2372	2014-11-17	24.59	2.59
2373	2014-11-18	24.52	2.59
2374	2014-11-19	24.54	2.6
2375	2014-11-20	24.53	2.6
2376	2014-11-21	24.72	2.63
2377	2014-11-24	25.1	2.67
2378	2014-11-25	25.38	2.7
2379	2014-11-26	25.6	2.72
2380	2014-11-27	25.85	2.74
2381	2014-11-28	26.25	2.77
2382	2014-12-01	26.22	2.76
2383	2014-12-02	26.76	2.81
2384	2014-12-03	26.89	2.84
2385	2014-12-04	27.51	2.9
2386	2014-12-05	27.09	2.83
2387	2014-12-08	27.39	2.86
2388	2014-12-09	26.49	2.74
2389	2014-12-10	27.37	2.83
2390	2014-12-11	27.57	2.88
2391	2014-12-12	27.58	2.9
2392	2014-12-15	27.73	2.92
2393	2014-12-16	28.05	2.95
2394	2014-12-17	28.2	2.93
2395	2014-12-18	28.1	2.92
2396	2014-12-19	28.14	2.92
2397	2014-12-22	27.71	2.83
2398	2014-12-23	27.15	2.77
2399	2014-12-24	27.21	2.79
2400	2014-12-25	27.75	2.85
2401	2014-12-26	28.09	2.88
2402	2014-12-29	27.8	2.84
2403	2014-12-30	27.61	2.8
2404	2014-12-31	28.01	2.84
2405	2015-01-05	28.6	2.89
2406	2015-01-06	28.8	2.92
2407	2015-01-07	28.72	2.91
2408	2015-01-08	28.38	2.88
2409	2015-01-09	28.27	2.86
2410	2015-01-12	27.85	2.8
2411	2015-01-13	28.07	2.83
2412	2015-01-14	28.03	2.82
2413	2015-01-15	28.52	2.86
2414	2015-01-16	28.67	2.88
2415	2015-01-19	27.32	2.75
2416	2015-01-20	28.02	2.83
2417	2015-01-21	28.67	2.91
2418	2015-01-22	28.91	2.94
2419	2015-01-23	28.68	2.92
2420	2015-01-26	29.11	2.98
2421	2015-01-27	29.07	2.98
2422	2015-01-28	28.88	2.97
2423	2015-01-29	28.65	2.94
2424	2015-01-30	28.45	2.92
2425	2015-02-02	28.19	2.89
2426	2015-02-03	28.66	2.93
2427	2015-02-04	28.51	2.92
2428	2015-02-05	28.29	2.9
2429	2015-02-06	27.83	2.84
2430	2015-02-09	27.84	2.83
2431	2015-02-10	28.24	2.86
2432	2015-02-11	28.45	2.88
2433	2015-02-12	28.68	2.9
2434	2015-02-13	28.98	2.95
2435	2015-02-16	29.19	2.98
2436	2015-02-17	29.27	2.99
2437	2015-02-25	29.15	2.99
2438	2015-02-26	29.61	3.02
2439	2015-02-27	29.69	3.05
2440	2015-03-02	30.13	3.1
2441	2015-03-03	29.71	3.07
2442	2015-03-04	29.96	3.1
2443	2015-03-05	29.87	3.1
2444	2015-03-06	29.77	3.09
2445	2015-03-09	30.29	3.14
2446	2015-03-10	30.39	3.16
2447	2015-03-11	30.42	3.16
2448	2015-03-12	30.65	3.17
2449	2015-03-13	30.84	3.21
2450	2015-03-16	31.41	3.29
2451	2015-03-17	31.76	3.33
2452	2015-03-18	32.34	3.41
2453	2015-03-19	32.4	3.42
2454	2015-03-20	32.61	3.44
2455	2015-03-23	33.19	3.52
2456	2015-03-24	33.21	3.52
2457	2015-03-25	33.2	3.53
2458	2015-03-26	33.17	3.52
2459	2015-03-27	33.52	3.54
2460	2015-03-30	34.16	3.6
2461	2015-03-31	34.22	3.58
2462	2015-04-01	34.76	3.65
2463	2015-04-02	35.12	3.71
2464	2015-04-03	35.64	3.78
2465	2015-04-07	36.26	3.87
2466	2015-04-08	36.24	3.85
2467	2015-04-09	35.92	3.81
2468	2015-04-10	36.52	3.91
2469	2015-04-13	37.25	4.0
2470	2015-04-14	37.23	4.01
2471	2015-04-15	35.65	3.89
2472	2015-04-16	36.07	3.95
2473	2015-04-17	36.4	3.99
2474	2015-04-20	35.67	3.91
2475	2015-04-21	36.32	4.03
2476	2015-04-22	36.72	4.12
2477	2015-04-23	36.57	4.16
2478	2015-04-24	36.44	4.13
2479	2015-04-27	36.72	4.18
2480	2015-04-28	36.31	4.07
2481	2015-04-29	36.31	4.13
2482	2015-04-30	36.1	4.1
2483	2015-05-04	36.37	4.15
2484	2015-05-05	35.43	4.0
2485	2015-05-06	35.08	3.93
2486	2015-05-07	34.68	3.84
2487	2015-05-08	35.48	3.97
2488	2015-05-11	36.08	4.11
2489	2015-05-12	36.25	4.17
2490	2015-05-13	36.1	4.19
2491	2015-05-14	36.09	4.22
2492	2015-05-15	35.63	4.16
2493	2015-05-18	35.71	4.21
2494	2015-05-19	36.54	4.34
2495	2015-05-20	36.75	4.4
2496	2015-05-21	37.42	4.52
2497	2015-05-22	38.01	4.63
2498	2015-05-25	38.81	4.77
2499	2015-05-26	39.28	4.89
2500	2015-05-27	38.82	4.95
2501	2015-05-28	37.64	4.67
2502	2015-05-29	37.79	4.69
2503	2015-06-01	38.98	4.94
2504	2015-06-02	39.42	5.09
2505	2015-06-03	39.87	5.12
2506	2015-06-04	40.09	5.16
2507	2015-06-05	40.45	5.25
2508	2015-06-08	41.2	5.29
2509	2015-06-09	41.02	5.28
2510	2015-06-10	40.96	5.32
2511	2015-06-11	40.87	5.37
2512	2015-06-12	41.14	5.45
2513	2015-06-15	40.61	5.4
2514	2015-06-16	40.33	5.23
2515	2015-06-17	40.55	5.32
2516	2015-06-18	39.76	5.16
2517	2015-06-19	38.32	4.83
2518	2015-06-23	38.89	4.89
2519	2015-06-24	39.55	5.02
2520	2015-06-25	38.74	4.84
2521	2015-06-26	36.43	4.46
2522	2015-06-29	35.28	4.22
2523	2015-06-30	36.86	4.43
2524	2015-07-01	35.45	4.16
2525	2015-07-02	34.16	3.9
2526	2015-07-03	32.38	3.62
2527	2015-07-06	32.53	3.51
2528	2015-07-07	31.37	3.29
2529	2015-07-08	29.84	3.12
2530	2015-07-09	31.38	3.3
2531	2015-07-10	32.84	3.47
2532	2015-07-13	33.96	3.66
2533	2015-07-14	34.01	3.72
2534	2015-07-15	32.72	3.54
2535	2015-07-16	32.98	3.59
2536	2015-07-17	34.13	3.78
2537	2015-07-20	34.28	3.84
2538	2015-07-21	34.66	3.9
2539	2015-07-22	34.61	3.93
2540	2015-07-23	35.3	4.06
2541	2015-07-24	34.77	4.0
2542	2015-07-27	32.59	3.68
2543	2015-07-28	32.29	3.58
2544	2015-07-29	33.29	3.75
2545	2015-07-30	32.64	3.65
2546	2015-07-31	32.59	3.61
2547	2015-08-03	32.26	3.52
2548	2015-08-04	33.49	3.7
2549	2015-08-05	33.13	3.67
2550	2015-08-06	32.71	3.65
2551	2015-08-07	33.33	3.76
2552	2015-08-10	35.03	3.94
2553	2015-08-11	35.08	3.96
2554	2015-08-12	35.01	3.91
2555	2015-08-13	35.41	4.0
2556	2015-08-14	35.6	4.03
2557	2015-08-17	35.74	4.09
2558	2015-08-18	33.88	3.8
2559	2015-08-19	34.31	3.88
2560	2015-08-20	33.41	3.76
2561	2015-08-21	32.11	3.55
2562	2015-08-24	29.88	3.24
2563	2015-08-25	27.76	2.96
2564	2015-08-26	27.51	2.86
2565	2015-08-27	29.03	3.0
2566	2015-08-28	30.4	3.17
2567	2015-08-31	29.48	3.06
2568	2015-09-01	28.64	2.9
2569	2015-09-02	28.51	2.83
2570	2015-09-07	28.35	2.84
2571	2015-09-08	29.34	2.97
2572	2015-09-09	29.95	3.07
2573	2015-09-10	29.55	3.02
2574	2015-09-11	29.59	3.04
2575	2015-09-14	28.25	2.84
2576	2015-09-15	27.08	2.68
2577	2015-09-16	28.56	2.88
2578	2015-09-17	28.11	2.82
2579	2015-09-18	28.27	2.85
2580	2015-09-21	28.98	2.94
2581	2015-09-22	29.23	2.97
2582	2015-09-23	28.71	2.92
2583	2015-09-24	28.98	2.97
2584	2015-09-25	28.35	2.87
2585	2015-09-28	28.68	2.92
2586	2015-09-29	28.21	2.86
2587	2015-09-30	28.41	2.88
2588	2015-10-08	29.21	2.99
2589	2015-10-09	29.59	3.03
2590	2015-10-12	30.49	3.16
2591	2015-10-13	30.6	3.19
2592	2015-10-14	30.21	3.14
2593	2015-10-15	30.82	3.24
2594	2015-10-16	31.17	3.29
2595	2015-10-19	31.12	3.28
2596	2015-10-20	31.4	3.33
2597	2015-10-21	30.34	3.14
2598	2015-10-22	30.91	3.23
2599	2015-10-23	31.63	3.31
2600	2015-10-26	31.92	3.33
2601	2015-10-27	31.9	3.34
2602	2015-10-28	31.49	3.29
2603	2015-10-29	32.56	3.32
2604	2015-10-30	32.74	3.3
2605	2015-11-02	32.4	3.24
2606	2015-11-03	32.45	3.24
2607	2015-11-04	33.6	3.39
2608	2015-11-05	34.0	3.43
2609	2015-11-06	34.61	3.5
2610	2015-11-09	35.13	3.55
2611	2015-11-10	35.06	3.57
2612	2015-11-11	35.18	3.61
2613	2015-11-12	35.06	3.6
2614	2015-11-13	34.64	3.53
2615	2015-11-16	35.02	3.59
2616	2015-11-17	34.98	3.58
2617	2015-11-18	34.71	3.53
2618	2015-11-19	35.15	3.6
2619	2015-11-20	35.25	3.64
2620	2015-11-23	35.17	3.62
2621	2015-11-24	35.29	3.65
2622	2015-11-25	35.48	3.69
2623	2015-11-26	35.42	3.68
2624	2015-11-27	33.78	3.46
2625	2015-11-30	33.99	3.48
2626	2015-12-01	34.23	3.5
2627	2015-12-02	34.91	3.53
2628	2015-12-03	35.24	3.59
2629	2015-12-04	34.79	3.56
2630	2015-12-07	34.89	3.59
2631	2015-12-08	34.26	3.51
2632	2015-12-09	34.2	3.5
2633	2015-12-10	34.06	3.48
2634	2015-12-11	34.0	3.46
2635	2015-12-14	34.69	3.54
2636	2015-12-15	34.69	3.55
2637	2015-12-16	34.78	3.57
2638	2015-12-17	35.36	3.65
2639	2015-12-18	35.47	3.65
2640	2015-12-21	36.15	3.71
2641	2015-12-22	36.2	3.73
2642	2015-12-23	36.06	3.69
2643	2015-12-24	35.95	3.68
2644	2015-12-25	36.09	3.71
2645	2015-12-28	35.33	3.62
2646	2015-12-29	35.61	3.66
2647	2015-12-30	35.69	3.69
2648	2015-12-31	35.34	3.64
2649	2016-01-04	33.29	3.36
2650	2016-01-05	33.27	3.33
2651	2016-01-06	33.89	3.44
2652	2016-01-07	31.82	3.16
2653	2016-01-08	32.44	3.23
2654	2016-01-11	30.79	3.02
2655	2016-01-12	30.91	3.01
2656	2016-01-13	30.2	2.92
2657	2016-01-14	30.91	3.01
2658	2016-01-15	29.86	2.87
2659	2016-01-18	30.09	2.91
2660	2016-01-19	30.8	3.01
2661	2016-01-20	30.7	2.98
2662	2016-01-21	29.82	2.87
2663	2016-01-22	30.15	2.92
2664	2016-01-25	30.38	2.96
2665	2016-01-26	28.64	2.74
2666	2016-01-27	28.39	2.72
2667	2016-01-28	27.54	2.59
2668	2016-01-29	28.43	2.68
2669	2016-02-01	28.13	2.63
2670	2016-02-02	28.77	2.71
2671	2016-02-03	28.71	2.72
2672	2016-02-04	29.2	2.77
2673	2016-02-05	28.96	2.74
2674	2016-02-15	28.79	2.73
2675	2016-02-16	29.55	2.84
2676	2016-02-17	29.8	2.87
2677	2016-02-18	29.84	2.87
2678	2016-02-19	29.84	2.88
2679	2016-02-22	30.39	2.95
2680	2016-02-23	30.23	2.94
2681	2016-02-24	30.44	2.96
2682	2016-02-25	28.48	2.73
2683	2016-02-26	28.75	2.75
2684	2016-02-29	27.86	2.62
2685	2016-03-01	28.34	2.68
2686	2016-03-02	29.63	2.82
2687	2016-03-03	29.59	2.83
2688	2016-03-04	29.39	2.77
2689	2016-03-07	29.79	2.83
2690	2016-03-08	29.83	2.85
2691	2016-03-09	29.4	2.77
2692	2016-03-10	29.03	2.72
2693	2016-03-11	29.06	2.72
2694	2016-03-14	29.68	2.8
2695	2016-03-15	29.54	2.78
2696	2016-03-16	29.54	2.76
2697	2016-03-17	29.99	2.83
2698	2016-03-18	30.65	2.92
2699	2016-03-21	31.27	2.99
2700	2016-03-22	31.11	2.97
2701	2016-03-23	31.09	3.0
2702	2016-03-24	30.72	2.95
2703	2016-03-25	30.89	2.97
2704	2016-03-28	30.84	2.95
2705	2016-03-29	30.55	2.9
2706	2016-03-30	31.36	2.99
2707	2016-03-31	31.49	3.0
2708	2016-04-01	31.49	3.0
2709	2016-04-05	32.01	3.07
2710	2016-04-06	32.02	3.07
2711	2016-04-07	31.69	3.03
2712	2016-04-08	31.52	3.01
2713	2016-04-11	32.0	3.07
2714	2016-04-12	31.88	3.07
2715	2016-04-13	32.22	3.11
2716	2016-04-14	32.39	3.14
2717	2016-04-15	32.46	3.14
2718	2016-04-18	32.1	3.11
2719	2016-04-19	32.13	3.11
2720	2016-04-20	31.37	3.0
2721	2016-04-21	31.21	2.98
2722	2016-04-22	31.35	2.99
2723	2016-04-25	31.3	2.99
2724	2016-04-26	31.38	3.02
2725	2016-04-27	31.41	3.0
2726	2016-04-28	31.3	2.98
2727	2016-04-29	31.07	2.99
2728	2016-05-03	31.57	3.06
2729	2016-05-04	31.56	3.06
2730	2016-05-05	31.61	3.07
2731	2016-05-06	30.86	2.96
2732	2016-05-09	30.2	2.84
2733	2016-05-10	30.21	2.84
2734	2016-05-11	30.33	2.83
2735	2016-05-12	30.36	2.82
2736	2016-05-13	30.3	2.82
2737	2016-05-16	30.54	2.85
2738	2016-05-17	30.42	2.85
2739	2016-05-18	29.92	2.77
2740	2016-05-19	29.89	2.78
2741	2016-05-20	30.17	2.81
2742	2016-05-23	30.41	2.84
2743	2016-05-24	30.17	2.82
2744	2016-05-25	30.22	2.81
2745	2016-05-26	30.3	2.82
2746	2016-05-27	30.32	2.83
2747	2016-05-30	30.22	2.82
2748	2016-05-31	31.15	2.92
2749	2016-06-01	31.12	2.93
2750	2016-06-02	31.19	2.95
2751	2016-06-03	31.36	2.96
2752	2016-06-06	31.31	2.96
2753	2016-06-07	31.31	2.97
2754	2016-06-08	31.27	2.96
2755	2016-06-13	30.37	2.84
2756	2016-06-14	30.49	2.84
2757	2016-06-15	31.0	2.92
2758	2016-06-16	30.88	2.91
2759	2016-06-17	31.04	2.93
2760	2016-06-20	31.13	2.94
2761	2016-06-21	31.07	2.91
2762	2016-06-22	31.33	2.96
2763	2016-06-23	31.16	2.94
2764	2016-06-24	30.91	2.91
2765	2016-06-27	31.35	2.97
2766	2016-06-28	31.48	2.99
2767	2016-06-29	31.56	3.0
2768	2016-06-30	31.51	3.0
2769	2016-07-01	31.59	3.01
2770	2016-07-04	32.0	3.07
2771	2016-07-05	32.04	3.08
2772	2016-07-06	32.16	3.1
2773	2016-07-07	32.07	3.1
2774	2016-07-08	31.95	3.08
2775	2016-07-11	32.09	3.08
2776	2016-07-12	32.55	3.13
2777	2016-07-13	32.71	3.15
2778	2016-07-14	32.68	3.15
2779	2016-07-15	32.72	3.14
2780	2016-07-18	32.75	3.13
2781	2016-07-19	32.71	3.13
2782	2016-07-20	32.63	3.13
2783	2016-07-21	32.75	3.13
2784	2016-07-22	32.53	3.11
2785	2016-07-25	32.63	3.11
2786	2016-07-26	32.86	3.15
2787	2016-07-27	32.26	3.03
2788	2016-07-28	32.26	3.04
2789	2016-07-29	32.27	3.02
2790	2016-08-01	32.02	2.99
2791	2016-08-02	32.25	3.01
2792	2016-08-03	32.4	3.03
2793	2016-08-04	32.47	3.04
2794	2016-08-05	32.44	3.04
2795	2016-08-08	32.73	3.07
2796	2016-08-09	32.87	3.09
2797	2016-08-10	32.73	3.09
2798	2016-08-11	32.49	3.05
2799	2016-08-12	33.0	3.1
2800	2016-08-15	33.63	3.16
2801	2016-08-16	33.61	3.17
2802	2016-08-17	33.54	3.19
2803	2016-08-18	33.46	3.19
2804	2016-08-19	33.4	3.19
2805	2016-08-22	33.14	3.15
2806	2016-08-23	33.3	3.16
2807	2016-08-24	33.25	3.15
2808	2016-08-25	33.04	3.14
2809	2016-08-26	32.96	3.14
2810	2016-08-29	33.12	3.14
2811	2016-08-30	33.03	3.14
2812	2016-08-31	32.92	3.13
2813	2016-09-01	32.78	3.11
2814	2016-09-02	32.89	3.11
2815	2016-09-05	33.07	3.13
2816	2016-09-06	33.39	3.16
2817	2016-09-07	33.4	3.16
2818	2016-09-08	33.37	3.18
2819	2016-09-09	33.32	3.16
2820	2016-09-12	32.79	3.07
2821	2016-09-13	32.85	3.09
2822	2016-09-14	32.69	3.07
2823	2016-09-19	32.96	3.11
2824	2016-09-20	32.94	3.11
2825	2016-09-21	33.04	3.11
2826	2016-09-22	33.2	3.13
2827	2016-09-23	33.28	3.12
2828	2016-09-26	32.82	3.06
2829	2016-09-27	32.98	3.08
2830	2016-09-28	32.9	3.07
2831	2016-09-29	33.1	3.09
2832	2016-09-30	33.31	3.1
2833	2016-10-10	33.64	3.15
2834	2016-10-11	33.73	3.18
2835	2016-10-12	33.7	3.17
2836	2016-10-13	33.74	3.18
2837	2016-10-14	33.69	3.18
2838	2016-10-17	33.45	3.15
2839	2016-10-18	33.85	3.19
2840	2016-10-19	33.8	3.19
2841	2016-10-20	33.89	3.2
2842	2016-10-21	33.74	3.19
2843	2016-10-24	33.87	3.23
2844	2016-10-25	33.55	3.24
2845	2016-10-26	33.37	3.22
2846	2016-10-27	33.38	3.21
2847	2016-10-28	33.12	3.18
2848	2016-10-31	32.71	3.16
2849	2016-11-01	32.93	3.18
2850	2016-11-02	32.72	3.16
2851	2016-11-03	32.88	3.19
2852	2016-11-04	32.79	3.18
2853	2016-11-07	32.85	3.19
2854	2016-11-08	33.0	3.2
2855	2016-11-09	32.71	3.18
2856	2016-11-10	33.03	3.23
2857	2016-11-11	33.26	3.26
2858	2016-11-14	33.42	3.27
2859	2016-11-15	33.47	3.28
2860	2016-11-16	33.52	3.28
2861	2016-11-17	33.54	3.28
2862	2016-11-18	33.4	3.26
2863	2016-11-21	33.57	3.28
2864	2016-11-22	33.76	3.31
2865	2016-11-23	33.77	3.3
2866	2016-11-24	33.8	3.29
2867	2016-11-25	34.06	3.31
2868	2016-11-28	34.2	3.32
2869	2016-11-29	34.28	3.29
2870	2016-11-30	34.06	3.27
2871	2016-12-01	34.26	3.29
2872	2016-12-02	33.91	3.25
2873	2016-12-05	33.7	3.22
2874	2016-12-06	33.71	3.23
2875	2016-12-07	33.92	3.27
2876	2016-12-08	33.93	3.25
2877	2016-12-09	34.04	3.26
2878	2016-12-12	33.06	3.12
2879	2016-12-13	33.08	3.13
2880	2016-12-14	32.92	3.12
2881	2016-12-15	32.96	3.13
2882	2016-12-16	33.15	3.15
2883	2016-12-19	33.09	3.15
2884	2016-12-20	32.93	3.13
2885	2016-12-21	33.18	3.16
2886	2016-12-22	33.13	3.16
2887	2016-12-23	32.79	3.12
2888	2016-12-26	32.89	3.13
2889	2016-12-27	32.87	3.13
2890	2016-12-28	32.73	3.12
2891	2016-12-29	32.75	3.11
2892	2016-12-30	32.92	3.12
2893	2017-01-03	33.18	3.15
2894	2017-01-04	33.37	3.18
2895	2017-01-05	33.4	3.19
2896	2017-01-06	33.29	3.17
2897	2017-01-09	33.4	3.19
2898	2017-01-10	33.42	3.18
2899	2017-01-11	33.16	3.15
2900	2017-01-12	32.97	3.12
2901	2017-01-13	32.67	3.08
2902	2017-01-16	32.23	2.99
2903	2017-01-17	32.42	3.02
2904	2017-01-18	32.45	3.01
2905	2017-01-19	32.44	3.0
2906	2017-01-20	32.7	3.04
2907	2017-01-23	32.9	3.06
2908	2017-01-24	33.03	3.07
2909	2017-01-25	33.15	3.07
2910	2017-01-26	33.34	3.09
2911	2017-02-03	33.2	3.08
2912	2017-02-06	33.45	3.11
2913	2017-02-07	33.41	3.11
2914	2017-02-08	33.57	3.13
2915	2017-02-09	33.74	3.16
2916	2017-02-10	33.88	3.17
2917	2017-02-13	34.17	3.19
2918	2017-02-14	34.25	3.2
2919	2017-02-15	34.16	3.18
2920	2017-02-16	34.4	3.21
2921	2017-02-17	34.1	3.18
2922	2017-02-20	34.55	3.22
2923	2017-02-21	34.79	3.24
2924	2017-02-22	34.83	3.25
2925	2017-02-23	34.71	3.24
2926	2017-02-24	34.79	3.25
2927	2017-02-27	34.49	3.22
2928	2017-02-28	34.61	3.23
2929	2017-03-01	34.64	3.24
2930	2017-03-02	34.51	3.22
2931	2017-03-03	34.57	3.21
2932	2017-03-06	34.77	3.25
2933	2017-03-07	34.87	3.25
2934	2017-03-08	33.9	3.24
2935	2017-03-09	33.66	3.21
2936	2017-03-10	33.67	3.21
2937	2017-03-13	33.87	3.23
2938	2017-03-14	33.87	3.23
2939	2017-03-15	33.92	3.23
2940	2017-03-16	34.21	3.26
2941	2017-03-17	33.95	3.23
2942	2017-03-20	33.95	3.24
2943	2017-03-21	34.24	3.24
2944	2017-03-22	34.07	3.22
2945	2017-03-23	34.19	3.22
2946	2017-03-24	34.31	3.24
2947	2017-03-27	34.18	3.23
2948	2017-03-28	33.97	3.22
2949	2017-03-29	33.97	3.2
2950	2017-03-30	33.5	3.14
2951	2017-03-31	33.71	3.14
2952	2017-04-05	34.18	3.21
2953	2017-04-06	34.29	3.22
2954	2017-04-07	34.3	3.22
2955	2017-04-10	34.16	3.2
2956	2017-04-11	34.37	3.23
2957	2017-04-12	34.19	3.2
2958	2017-04-13	34.22	3.21
2959	2017-04-14	33.8	3.17
2960	2017-04-17	33.36	3.12
2961	2017-04-18	33.16	3.09
2962	2017-04-19	33.04	3.05
2963	2017-04-20	32.98	3.03
2964	2017-04-21	32.96	3.02
2965	2017-04-24	32.22	2.93
2966	2017-04-25	32.12	2.94
2967	2017-04-26	32.01	2.94
2968	2017-04-27	31.85	2.95
2969	2017-04-28	31.61	2.95
2970	2017-05-02	31.13	2.94
2971	2017-05-03	31.04	2.93
2972	2017-05-04	30.89	2.92
2973	2017-05-05	30.63	2.88
2974	2017-05-08	30.23	2.83
2975	2017-05-09	30.35	2.85
2976	2017-05-10	29.94	2.8
2977	2017-05-11	29.92	2.79
2978	2017-05-12	30.05	2.79
2979	2017-05-15	30.1	2.8
2980	2017-05-16	30.46	2.85
2981	2017-05-17	30.5	2.86
2982	2017-05-18	30.27	2.84
2983	2017-05-19	30.24	2.84
2984	2017-05-22	29.93	2.8
2985	2017-05-23	29.42	2.72
2986	2017-05-24	29.53	2.74
2987	2017-05-25	29.82	2.77
2988	2017-05-26	29.82	2.78
2989	2017-05-31	29.83	2.78
2990	2017-06-01	29.35	2.71
2991	2017-06-02	29.56	2.74
2992	2017-06-05	29.69	2.76
2993	2017-06-06	29.82	2.77
2994	2017-06-07	30.29	2.83
2995	2017-06-08	30.29	2.82
2996	2017-06-09	30.37	2.83
2997	2017-06-12	30.03	2.78
2998	2017-06-13	30.34	2.82
2999	2017-06-14	30.26	2.82
3000	2017-06-15	30.49	2.85
3001	2017-06-16	30.41	2.84
3002	2017-06-19	30.64	2.86
3003	2017-06-20	30.63	2.87
3004	2017-06-21	30.71	2.87
3005	2017-06-22	30.37	2.83
3006	2017-06-23	30.45	2.83
3007	2017-06-26	30.82	2.87
3008	2017-06-27	30.91	2.88
3009	2017-06-28	30.76	2.86
3010	2017-06-29	30.93	2.88
3011	2017-06-30	30.94	2.88
3012	2017-07-03	31.13	2.91
3013	2017-07-04	31.01	2.9
3014	2017-07-05	31.2	2.92
3015	2017-07-06	31.19	2.92
3016	2017-07-07	31.29	2.94
3017	2017-07-10	31.19	2.93
3018	2017-07-11	31.1	2.9
3019	2017-07-12	31.07	2.9
3020	2017-07-13	31.18	2.91
3021	2017-07-14	31.17	2.9
3022	2017-07-17	30.12	2.77
3023	2017-07-18	30.35	2.8
3024	2017-07-19	30.78	2.85
3025	2017-07-20	30.8	2.86
3026	2017-07-21	30.77	2.85
3027	2017-07-24	30.93	2.87
3028	2017-07-25	30.86	2.86
3029	2017-07-26	30.84	2.86
3030	2017-07-27	31.07	2.89
3031	2017-07-28	31.06	2.89
3032	2017-07-31	31.18	2.91
3033	2017-08-01	31.12	2.91
3034	2017-08-02	30.99	2.9
3035	2017-08-03	31.02	2.91
3036	2017-08-04	30.9	2.9
3037	2017-08-07	31.08	2.92
3038	2017-08-08	31.1	2.93
3039	2017-08-09	31.13	2.93
3040	2017-08-10	30.83	2.9
3041	2017-08-11	30.32	2.84
3042	2017-08-14	30.57	2.89
3043	2017-08-15	30.72	2.89
3044	2017-08-16	30.71	2.9
3045	2017-08-17	30.91	2.93
3046	2017-08-18	30.64	2.91
3047	2017-08-21	30.8	2.93
3048	2017-08-22	30.61	2.92
3049	2017-08-23	30.48	2.9
3050	2017-08-24	30.29	2.88
3051	2017-08-25	30.66	2.92
3052	2017-08-28	30.75	2.95
3053	2017-08-29	30.52	2.94
3054	2017-08-30	30.6	2.95
3055	2017-08-31	30.59	2.95
3056	2017-09-01	30.74	2.97
3057	2017-09-04	30.78	2.98
3058	2017-09-05	30.76	2.98
3059	2017-09-06	30.73	2.98
3060	2017-09-07	30.59	2.97
3061	2017-09-08	30.6	2.97
3062	2017-09-11	30.81	3.0
3063	2017-09-12	30.75	2.99
3064	2017-09-13	30.87	3.0
3065	2017-09-14	30.83	2.99
3066	2017-09-15	30.69	2.97
3067	2017-09-18	30.78	2.99
3068	2017-09-19	30.75	2.98
3069	2017-09-20	30.89	3.0
3070	2017-09-21	30.72	2.98
3071	2017-09-22	30.66	2.97
3072	2017-09-25	30.39	2.93
3073	2017-09-26	30.39	2.93
3074	2017-09-27	30.49	2.94
3075	2017-09-28	30.38	2.93
3076	2017-09-29	30.56	2.95
3077	2017-10-09	30.86	2.98
3078	2017-10-10	31.03	2.99
3079	2017-10-11	31.03	2.99
3080	2017-10-12	31.04	2.98
3081	2017-10-13	31.15	2.99
3082	2017-10-16	30.79	2.95
3083	2017-10-17	30.8	2.94
3084	2017-10-18	30.72	2.92
3085	2017-10-19	30.36	2.88
3086	2017-10-20	30.47	2.91
3087	2017-10-23	30.52	2.92
3088	2017-10-24	30.29	2.9
3089	2017-10-25	30.24	2.91
3090	2017-10-26	29.99	2.92
3091	2017-10-27	29.92	2.89
3092	2017-10-30	28.89	2.8
3093	2017-10-31	28.9	2.81
3094	2017-11-01	28.87	2.81
3095	2017-11-02	28.7	2.78
3096	2017-11-03	28.43	2.75
3097	2017-11-06	28.7	2.77
3098	2017-11-07	28.91	2.79
3099	2017-11-08	29.02	2.8
3100	2017-11-09	29.15	2.81
3101	2017-11-10	29.11	2.81
3102	2017-11-13	29.25	2.81
3103	2017-11-14	29.1	2.8
3104	2017-11-15	28.92	2.78
3105	2017-11-16	28.74	2.76
3106	2017-11-17	28.14	2.68
3107	2017-11-20	28.25	2.68
3108	2017-11-21	28.29	2.69
3109	2017-11-22	28.36	2.69
3110	2017-11-23	27.85	2.64
3111	2017-11-24	27.92	2.64
3112	2017-11-27	27.71	2.62
3113	2017-11-28	28.04	2.65
3114	2017-11-29	28.17	2.66
3115	2017-11-30	28.08	2.65
3116	2017-12-01	28.2	2.66
3117	2017-12-04	27.9	2.63
3118	2017-12-05	27.43	2.57
3119	2017-12-06	27.53	2.59
3120	2017-12-07	27.41	2.58
3121	2017-12-08	27.67	2.6
3122	2017-12-11	27.92	2.62
3123	2017-12-12	27.57	2.59
3124	2017-12-13	27.74	2.61
3125	2017-12-14	27.75	2.61
3126	2017-12-15	27.54	2.59
3127	2017-12-18	27.53	2.59
3128	2017-12-19	27.7	2.6
3129	2017-12-20	27.42	2.57
3130	2017-12-21	27.5	2.58
3131	2017-12-22	27.47	2.57
3132	2017-12-25	27.27	2.54
3133	2017-12-26	27.47	2.56
3134	2017-12-27	27.39	2.55
3135	2017-12-28	27.56	2.57
3136	2017-12-29	27.68	2.58
3137	2018-01-02	28.05	2.61
3138	2018-01-03	28.23	2.63
3139	2018-01-04	28.3	2.64
3140	2018-01-05	28.33	2.64
3141	2018-01-08	28.52	2.65
3142	2018-01-09	28.48	2.65
3143	2018-01-10	28.34	2.63
3144	2018-01-11	28.37	2.64
3145	2018-01-12	28.33	2.63
3146	2018-01-15	27.79	2.57
3147	2018-01-16	28.08	2.6
3148	2018-01-17	28.17	2.6
3149	2018-01-18	28.37	2.61
3150	2018-01-19	28.41	2.62
3151	2018-01-22	28.56	2.63
3152	2018-01-23	28.7	2.64
3153	2018-01-24	28.82	2.65
3154	2018-01-25	28.75	2.65
3155	2018-01-26	28.74	2.65
3156	2018-01-29	28.59	2.62
3157	2018-01-30	28.44	2.61
3158	2018-01-31	28.08	2.56
3159	2018-02-01	27.42	2.46
3160	2018-02-02	27.37	2.45
3161	2018-02-05	27.46	2.45
3162	2018-02-06	26.24	2.33
3163	2018-02-07	26.2	2.33
3164	2018-02-08	26.3	2.35
3165	2018-02-09	25.34	2.26
3166	2018-02-12	25.8	2.31
3167	2018-02-13	25.78	2.31
3168	2018-02-14	25.9	2.32
3169	2018-02-22	26.35	2.36
3170	2018-02-23	26.5	2.37
3171	2018-02-26	26.87	2.41
3172	2018-02-27	26.71	2.4
3173	2018-02-28	26.6	2.41
3174	2018-03-01	26.83	2.43
3175	2018-03-02	26.66	2.42
3176	2018-03-05	26.67	2.42
3177	2018-03-06	26.98	2.45
3178	2018-03-07	26.79	2.44
3179	2018-03-08	26.96	2.45
3180	2018-03-09	27.18	2.48
3181	2018-03-12	27.45	2.51
3182	2018-03-13	27.31	2.5
3183	2018-03-14	27.14	2.48
3184	2018-03-15	26.97	2.46
3185	2018-03-16	26.78	2.45
3186	2018-03-19	26.73	2.46
3187	2018-03-20	26.75	2.46
3188	2018-03-21	26.65	2.45
3189	2018-03-22	26.66	2.45
3190	2018-03-23	25.45	2.32
3191	2018-03-26	25.43	2.34
3192	2018-03-27	25.89	2.39
3193	2018-03-28	25.74	2.37
3194	2018-03-29	26.46	2.4
3195	2018-03-30	26.51	2.42
3196	2018-04-02	26.25	2.42
3197	2018-04-03	25.94	2.4
3198	2018-04-04	25.84	2.39
3199	2018-04-09	25.91	2.39
3200	2018-04-10	26.25	2.41
3201	2018-04-11	26.26	2.42
3202	2018-04-12	26.04	2.4
3203	2018-04-13	26.01	2.4
3204	2018-04-16	25.53	2.37
3205	2018-04-17	24.96	2.33
3206	2018-04-18	25.12	2.35
3207	2018-04-19	25.21	2.36
3208	2018-04-20	24.55	2.3
3209	2018-04-23	24.43	2.29
3210	2018-04-24	24.87	2.34
3211	2018-04-25	24.84	2.34
3212	2018-04-26	24.34	2.29
3213	2018-04-27	24.16	2.28
3214	2018-05-02	23.86	2.27
3215	2018-05-03	24.05	2.28
3216	2018-05-04	23.93	2.28
3217	2018-05-07	24.28	2.31
3218	2018-05-08	24.44	2.33
3219	2018-05-09	24.4	2.33
3220	2018-05-10	24.52	2.34
3221	2018-05-11	24.37	2.32
3222	2018-05-14	24.3	2.31
3223	2018-05-15	24.46	2.33
3224	2018-05-16	24.32	2.32
3225	2018-05-17	24.31	2.32
3226	2018-05-18	24.45	2.34
3227	2018-05-21	24.67	2.37
3228	2018-05-22	24.65	2.37
3229	2018-05-23	24.3	2.34
3230	2018-05-24	24.25	2.34
3231	2018-05-25	24.05	2.32
3232	2018-05-28	23.92	2.3
3233	2018-05-29	23.88	2.29
3234	2018-05-30	23.18	2.21
3235	2018-05-31	23.52	2.25
3236	2018-06-01	23.45	2.23
3237	2018-06-04	23.47	2.23
3238	2018-06-05	23.7	2.26
3239	2018-06-06	23.73	2.26
3240	2018-06-07	23.67	2.25
3241	2018-06-08	23.37	2.21
3242	2018-06-11	23.29	2.2
3243	2018-06-12	23.46	2.22
3244	2018-06-13	23.21	2.18
3245	2018-06-14	23.22	2.18
3246	2018-06-15	22.88	2.13
3247	2018-06-19	21.55	1.99
3248	2018-06-20	21.79	2.01
3249	2018-06-21	21.44	1.96
3250	2018-06-22	21.7	1.99
3251	2018-06-25	21.53	1.98
3252	2018-06-26	21.5	1.99
3253	2018-06-27	21.31	1.98
3254	2018-06-28	21.13	1.96
3255	2018-06-29	21.59	2.01
3256	2018-07-02	21.18	1.97
3257	2018-07-03	21.32	2.0
3258	2018-07-04	21.09	1.97
3259	2018-07-05	20.62	1.92
3260	2018-07-06	20.68	1.92
3261	2018-07-09	21.12	1.96
3262	2018-07-10	21.22	1.97
3263	2018-07-11	20.78	1.93
3264	2018-07-12	21.25	1.97
3265	2018-07-13	21.28	1.98
3266	2018-07-16	21.2	1.97
3267	2018-07-17	21.16	1.97
3268	2018-07-18	21.09	1.97
3269	2018-07-19	20.96	1.95
3270	2018-07-20	21.27	1.98
3271	2018-07-23	21.56	2.0
3272	2018-07-24	21.97	2.04
3273	2018-07-25	21.99	2.04
3274	2018-07-26	21.93	2.05
3275	2018-07-27	21.82	2.04
3276	2018-07-30	21.68	2.01
3277	2018-07-31	21.68	2.02
3278	2018-08-01	21.29	1.98
3279	2018-08-02	20.82	1.93
3280	2018-08-03	20.63	1.92
3281	2018-08-06	20.34	1.89
3282	2018-08-07	20.81	1.93
3283	2018-08-08	20.55	1.91
3284	2018-08-09	20.86	1.95
3285	2018-08-10	20.89	1.95
3286	2018-08-13	20.87	1.95
3287	2018-08-14	20.79	1.95
3288	2018-08-15	20.36	1.91
3289	2018-08-16	20.17	1.89
3290	2018-08-17	19.85	1.86
3291	2018-08-20	19.91	1.87
3292	2018-08-21	20.0	1.88
3293	2018-08-22	19.79	1.87
3294	2018-08-23	19.8	1.87
3295	2018-08-24	19.78	1.87
3296	2018-08-27	20.02	1.9
3297	2018-08-28	19.9	1.89
3298	2018-08-29	19.77	1.88
3299	2018-08-30	19.43	1.85
3300	2018-08-31	19.3	1.83
3301	2018-09-03	19.23	1.83
3302	2018-09-04	19.43	1.85
3303	2018-09-05	19.12	1.83
3304	2018-09-06	19.03	1.82
3305	2018-09-07	19.13	1.83
3306	2018-09-10	18.85	1.8
3307	2018-09-11	18.72	1.8
3308	2018-09-12	18.74	1.8
3309	2018-09-13	18.89	1.82
3310	2018-09-14	18.79	1.8
3311	2018-09-17	18.47	1.78
3312	2018-09-18	18.83	1.81
3313	2018-09-19	19.04	1.83
3314	2018-09-20	19.02	1.83
3315	2018-09-21	19.36	1.85
3316	2018-09-25	19.24	1.84
3317	2018-09-26	19.35	1.85
3318	2018-09-27	19.12	1.82
3319	2018-09-28	19.31	1.84
3320	2018-10-08	18.71	1.78
3321	2018-10-09	18.75	1.79
3322	2018-10-10	18.8	1.79
3323	2018-10-11	17.54	1.66
3324	2018-10-12	17.5	1.64
3325	2018-10-15	17.22	1.62
3326	2018-10-16	16.93	1.59
3327	2018-10-17	17.07	1.6
3328	2018-10-18	16.6	1.55
3329	2018-10-19	16.91	1.58
3330	2018-10-22	17.67	1.66
3331	2018-10-23	17.36	1.64
3332	2018-10-24	17.42	1.64
3333	2018-10-25	17.35	1.64
3334	2018-10-26	17.44	1.64
3335	2018-10-29	17.17	1.62
3336	2018-10-30	17.24	1.63
3337	2018-10-31	17.31	1.65
3338	2018-11-01	17.35	1.65
3339	2018-11-02	17.76	1.7
3340	2018-11-05	17.79	1.71
3341	2018-11-06	17.76	1.71
3342	2018-11-07	17.65	1.7
3343	2018-11-08	17.58	1.7
3344	2018-11-09	17.5	1.69
3345	2018-11-12	17.89	1.74
3346	2018-11-13	18.14	1.77
3347	2018-11-14	18.12	1.77
3348	2018-11-15	18.36	1.8
3349	2018-11-16	18.51	1.82
3350	2018-11-19	18.64	1.83
3351	2018-11-20	18.18	1.78
3352	2018-11-21	18.26	1.79
3353	2018-11-22	18.22	1.79
3354	2018-11-23	17.56	1.72
3355	2018-11-26	17.47	1.71
3356	2018-11-27	17.52	1.72
3357	2018-11-28	17.71	1.75
3358	2018-11-29	17.36	1.7
3359	2018-11-30	17.48	1.71
3360	2018-12-03	17.94	1.76
3361	2018-12-04	18.07	1.78
3362	2018-12-05	17.94	1.76
3363	2018-12-06	17.68	1.73
3364	2018-12-07	17.71	1.74
3365	2018-12-10	17.51	1.71
3366	2018-12-11	17.6	1.73
3367	2018-12-12	17.64	1.73
3368	2018-12-13	17.82	1.74
3369	2018-12-14	17.45	1.7
3370	2018-12-17	17.46	1.7
3371	2018-12-18	17.34	1.69
3372	2018-12-19	17.16	1.67
3373	2018-12-20	17.18	1.68
3374	2018-12-21	17.03	1.66
3375	2018-12-24	17.13	1.67
3376	2018-12-25	16.95	1.65
3377	2018-12-26	16.9	1.64
3378	2018-12-27	16.72	1.62
3379	2018-12-28	16.76	1.62
3380	2019-01-02	16.61	1.62
3381	2019-01-03	16.58	1.62
3382	2019-01-04	16.95	1.66
3383	2019-01-07	17.19	1.69
3384	2019-01-08	17.18	1.69
3385	2019-01-09	17.27	1.69
3386	2019-01-10	17.21	1.69
3387	2019-01-11	17.35	1.7
3388	2019-01-14	17.31	1.7
3389	2019-01-15	17.45	1.71
3390	2019-01-16	17.46	1.71
3391	2019-01-17	17.37	1.7
3392	2019-01-18	17.58	1.71
3393	2019-01-21	17.64	1.72
3394	2019-01-22	17.43	1.7
3395	2019-01-23	17.46	1.7
3396	2019-01-24	17.5	1.7
3397	2019-01-25	17.47	1.69
3398	2019-01-28	17.42	1.68
3399	2019-01-29	17.25	1.65
3400	2019-01-30	17.07	1.63
3401	2019-01-31	16.9	1.6
3402	2019-02-01	17.25	1.64
3403	2019-02-11	17.61	1.68
3404	2019-02-12	17.78	1.7
3405	2019-02-13	18.04	1.73
3406	2019-02-14	18.08	1.73
3407	2019-02-15	17.96	1.73
3408	2019-02-18	18.45	1.78
3409	2019-02-19	18.48	1.79
3410	2019-02-20	18.51	1.8
3411	2019-02-21	18.37	1.79
3412	2019-02-22	18.72	1.83
3413	2019-02-25	19.64	1.94
3414	2019-02-26	19.66	1.94
3415	2019-02-27	19.73	1.95
3416	2019-02-28	19.84	1.96
3417	2019-03-01	20.06	1.98
3418	2019-03-04	20.33	2.01
3419	2019-03-05	20.63	2.05
3420	2019-03-06	20.98	2.1
3421	2019-03-07	21.15	2.13
3422	2019-03-08	20.12	2.02
3423	2019-03-11	20.75	2.09
3424	2019-03-12	21.02	2.12
3425	2019-03-13	20.69	2.09
3426	2019-03-14	20.37	2.04
3427	2019-03-15	20.69	2.07
3428	2019-03-18	21.21	2.13
3429	2019-03-19	21.2	2.13
3430	2019-03-20	21.26	2.14
3431	2019-03-21	21.38	2.16
3432	2019-03-22	21.45	2.17
3433	2019-03-25	21.23	2.14
3434	2019-03-26	20.92	2.08
3435	2019-03-27	21.1	2.1
3436	2019-03-28	20.79	2.07
3437	2019-03-29	21.35	2.13
3438	2019-04-01	22.15	2.2
3439	2019-04-02	22.23	2.21
3440	2019-04-03	22.52	2.24
3441	2019-04-04	22.66	2.25
3442	2019-04-08	22.78	2.25
3443	2019-04-09	22.75	2.26
3444	2019-04-10	22.67	2.25
3445	2019-04-11	22.29	2.21
3446	2019-04-12	22.3	2.21
3447	2019-04-15	22.3	2.2
3448	2019-04-16	22.73	2.25
3449	2019-04-17	22.76	2.26
3450	2019-04-18	22.62	2.25
3451	2019-04-19	22.74	2.27
3452	2019-04-22	22.34	2.24
3453	2019-04-23	21.99	2.2
3454	2019-04-24	22.15	2.21
3455	2019-04-25	21.47	2.12
3456	2019-04-26	21.2	2.09
3457	2019-04-29	20.73	2.01
3458	2019-04-30	21.04	2.03
3459	2019-05-06	19.79	1.89
3460	2019-05-07	20.03	1.92
3461	2019-05-08	19.86	1.91
3462	2019-05-09	19.66	1.89
3463	2019-05-10	20.15	1.95
3464	2019-05-13	20.0	1.94
3465	2019-05-14	19.86	1.93
3466	2019-05-15	20.2	1.96
3467	2019-05-16	20.4	1.99
3468	2019-05-17	19.75	1.92
3469	2019-05-20	19.6	1.91
3470	2019-05-21	19.89	1.95
3471	2019-05-22	19.75	1.93
3472	2019-05-23	19.39	1.89
3473	2019-05-24	19.36	1.89
3474	2019-05-27	19.72	1.93
3475	2019-05-28	19.73	1.93
3476	2019-05-29	19.72	1.93
3477	2019-05-30	19.64	1.92
3478	2019-05-31	19.61	1.92
3479	2019-06-03	19.47	1.9
3480	2019-06-04	19.25	1.87
3481	2019-06-05	19.23	1.88
3482	2019-06-06	18.92	1.84
3483	2019-06-10	19.09	1.85
3484	2019-06-11	19.63	1.92
3485	2019-06-12	19.51	1.91
3486	2019-06-13	19.55	1.92
3487	2019-06-14	19.27	1.88
3488	2019-06-17	19.3	1.88
3489	2019-06-18	19.27	1.88
3490	2019-06-19	19.49	1.9
3491	2019-06-20	19.79	1.93
3492	2019-06-21	19.92	1.96
3493	2019-06-24	20.02	1.96
3494	2019-06-25	19.85	1.95
3495	2019-06-26	19.82	1.94
3496	2019-06-27	19.87	1.95
3497	2019-06-28	19.74	1.93
3498	2019-07-01	20.16	1.98
3499	2019-07-02	20.19	1.98
3500	2019-07-03	20.05	1.96
3501	2019-07-04	20.05	1.96
3502	2019-07-05	20.08	1.96
3503	2019-07-08	19.5	1.9
3504	2019-07-09	19.5	1.9
3505	2019-07-10	19.35	1.88
3506	2019-07-11	19.32	1.88
3507	2019-07-12	19.41	1.89
3508	2019-07-15	19.54	1.9
3509	2019-07-16	19.55	1.91
3510	2019-07-17	19.55	1.9
3511	2019-07-18	19.25	1.87
3512	2019-07-19	19.36	1.88
3513	2019-07-22	19.01	1.84
3514	2019-07-23	19.15	1.86
3515	2019-07-24	19.26	1.87
3516	2019-07-25	19.35	1.88
3517	2019-07-26	19.34	1.88
3518	2019-07-29	19.31	1.87
3519	2019-07-30	19.39	1.88
3520	2019-07-31	19.21	1.87
3521	2019-08-01	19.09	1.86
3522	2019-08-02	18.83	1.83
3523	2019-08-05	18.55	1.81
3524	2019-08-06	18.14	1.75
3525	2019-08-07	18.14	1.75
3526	2019-08-08	18.22	1.76
3527	2019-08-09	18.04	1.74
3528	2019-08-12	18.24	1.76
3529	2019-08-13	18.09	1.75
3530	2019-08-14	18.17	1.75
3531	2019-08-15	18.2	1.75
3532	2019-08-16	18.29	1.76
3533	2019-08-19	18.68	1.8
3534	2019-08-20	18.76	1.81
3535	2019-08-21	18.69	1.81
3536	2019-08-22	18.7	1.81
3537	2019-08-23	18.64	1.8
3538	2019-08-26	18.47	1.78
3539	2019-08-27	18.77	1.81
3540	2019-08-28	18.72	1.81
3541	2019-08-29	18.74	1.81
3542	2019-08-30	18.51	1.78
3543	2019-09-02	18.91	1.81
3544	2019-09-03	18.99	1.82
3545	2019-09-04	19.19	1.84
3546	2019-09-05	19.29	1.85
3547	2019-09-06	19.33	1.86
3548	2019-09-09	19.55	1.89
3549	2019-09-10	19.58	1.89
3550	2019-09-11	19.54	1.88
3551	2019-09-12	19.65	1.9
3552	2019-09-16	19.66	1.9
3553	2019-09-17	19.29	1.86
3554	2019-09-18	19.36	1.86
3555	2019-09-19	19.44	1.87
3556	2019-09-20	19.47	1.87
3557	2019-09-23	19.24	1.85
3558	2019-09-24	19.24	1.85
3559	2019-09-25	19.05	1.83
3560	2019-09-26	18.8	1.79
3561	2019-09-27	18.89	1.8
3562	2019-09-30	18.77	1.79
3563	2019-10-08	18.84	1.79
3564	2019-10-09	19.02	1.8
3565	2019-10-10	19.16	1.82
3566	2019-10-11	19.23	1.83
3567	2019-10-14	19.5	1.86
3568	2019-10-15	19.36	1.84
3569	2019-10-16	19.27	1.83
3570	2019-10-17	19.22	1.82
3571	2019-10-18	18.99	1.8
3572	2019-10-21	19.0	1.79
3573	2019-10-22	19.06	1.81
3574	2019-10-23	18.94	1.8
3575	2019-10-24	18.96	1.8
3576	2019-10-25	19.04	1.81
3577	2019-10-28	19.19	1.83
3578	2019-10-29	18.99	1.8
3579	2019-10-30	18.96	1.78
3580	2019-10-31	18.9	1.75
3581	2019-11-01	19.1	1.77
3582	2019-11-04	19.15	1.77
3583	2019-11-05	19.24	1.78
3584	2019-11-06	19.15	1.76
3585	2019-11-07	19.22	1.77
3586	2019-11-08	19.14	1.76
3587	2019-11-11	18.71	1.72
3588	2019-11-12	18.76	1.72
3589	2019-11-13	18.66	1.71
3590	2019-11-14	18.7	1.72
3591	2019-11-15	18.51	1.7
3592	2019-11-18	18.67	1.71
3593	2019-11-19	18.89	1.74
3594	2019-11-20	18.77	1.72
3595	2019-11-21	18.77	1.73
3596	2019-11-22	18.73	1.72
3597	2019-11-25	18.97	1.74
3598	2019-11-26	18.87	1.73
3599	2019-11-27	18.82	1.73
3600	2019-11-28	18.71	1.72
3601	2019-11-29	18.71	1.72
3602	2019-12-02	18.73	1.72
3603	2019-12-03	18.82	1.73
3604	2019-12-04	18.75	1.73
3605	2019-12-05	18.89	1.74
3606	2019-12-06	18.95	1.75
3607	2019-12-09	19.08	1.76
3608	2019-12-10	19.07	1.76
3609	2019-12-11	19.08	1.76
3610	2019-12-12	19.03	1.75
3611	2019-12-13	19.26	1.77
3612	2019-12-16	19.49	1.79
3613	2019-12-17	19.77	1.82
3614	2019-12-18	19.72	1.82
3615	2019-12-19	19.81	1.83
3616	2019-12-20	19.68	1.82
3617	2019-12-23	19.35	1.78
3618	2019-12-24	19.59	1.81
3619	2019-12-25	19.59	1.81
3620	2019-12-26	19.75	1.83
3621	2019-12-27	19.71	1.82
3622	2019-12-30	19.86	1.83
3623	2019-12-31	19.97	1.84
3624	2020-01-02	20.24	1.87
3625	2020-01-03	20.28	1.88
3626	2020-01-06	20.36	1.89
3627	2020-01-07	20.65	1.91
3628	2020-01-08	20.35	1.88
3629	2020-01-09	20.58	1.9
3630	2020-01-10	20.52	1.9
3631	2020-01-13	20.67	1.91
3632	2020-01-14	20.69	1.91
3633	2020-01-15	20.54	1.89
3634	2020-01-16	20.44	1.88
3635	2020-01-17	20.4	1.87
3636	2020-01-20	20.49	1.88
3637	2020-01-21	20.15	1.86
3638	2020-01-22	20.18	1.85
3639	2020-01-23	19.58	1.79
3640	2020-02-03	17.85	1.62
3641	2020-02-04	17.85	1.6
3642	2020-02-05	18.1	1.64
3643	2020-02-06	18.39	1.67
3644	2020-02-07	18.5	1.68
3645	2020-02-10	18.84	1.71
3646	2020-02-11	18.85	1.71
3647	2020-02-12	19.02	1.73
3648	2020-02-13	18.83	1.71
3649	2020-02-14	18.89	1.72
3650	2020-02-17	19.37	1.77
3651	2020-02-18	19.49	1.79
3652	2020-02-19	19.44	1.78
3653	2020-02-20	19.76	1.81
3654	2020-02-21	19.8	1.82
3655	2020-02-24	19.8	1.83
3656	2020-02-25	19.61	1.81
3657	2020-02-26	19.67	1.81
3658	2020-02-27	19.66	1.82
3659	2020-02-28	18.89	1.74
3660	2020-03-02	19.7	1.81
3661	2020-03-03	19.85	1.83
3662	2020-03-04	20.12	1.86
3663	2020-03-05	20.48	1.89
3664	2020-03-06	20.28	1.88
3665	2020-03-09	19.67	1.82
3666	2020-03-10	20.0	1.86
3667	2020-03-11	19.8	1.84
3668	2020-03-12	19.5	1.82
3669	2020-03-13	19.32	1.8
3670	2020-03-16	18.75	1.74
3671	2020-03-17	18.64	1.73
3672	2020-03-18	18.35	1.7
3673	2020-03-19	18.35	1.7
3674	2020-03-20	18.6	1.73
3675	2020-03-23	18.03	1.67
3676	2020-03-24	18.34	1.7
3677	2020-03-25	18.73	1.74
3678	2020-03-26	18.55	1.72
3679	2020-03-27	18.66	1.72
3680	2020-03-30	18.54	1.69
3681	2020-03-31	18.68	1.69
3682	2020-04-01	18.55	1.68
3683	2020-04-02	18.78	1.7
3684	2020-04-03	18.67	1.69
3685	2020-04-07	19.12	1.74
3686	2020-04-08	19.14	1.74
3687	2020-04-09	19.26	1.75
3688	2020-04-10	18.96	1.72
3689	2020-04-13	18.89	1.71
3690	2020-04-14	19.18	1.73
3691	2020-04-15	19.21	1.72
3692	2020-04-16	19.23	1.73
3693	2020-04-17	19.32	1.73
3694	2020-04-20	19.45	1.74
3695	2020-04-21	19.35	1.73
3696	2020-04-22	19.47	1.74
3697	2020-04-23	19.45	1.74
3698	2020-04-24	19.33	1.71
3699	2020-04-27	19.42	1.7
3700	2020-04-28	19.16	1.67
3701	2020-04-29	19.4	1.68
3702	2020-04-30	20.22	1.72
3703	2020-05-06	20.35	1.74
3704	2020-05-07	20.32	1.73
3705	2020-05-08	20.48	1.75
3706	2020-05-11	20.5	1.75
3707	2020-05-12	20.43	1.74
3708	2020-05-13	20.5	1.75
3709	2020-05-14	20.32	1.73
3710	2020-05-15	20.3	1.73
3711	2020-05-18	20.34	1.73
3712	2020-05-19	20.43	1.74
3713	2020-05-20	20.29	1.73
3714	2020-05-21	20.18	1.72
3715	2020-05-22	19.93	1.7
3716	2020-05-25	19.96	1.7
3717	2020-05-26	20.18	1.72
3718	2020-05-27	20.23	1.73
3719	2020-05-28	20.17	1.73
3720	2020-05-29	20.19	1.73
3721	2020-06-01	20.56	1.77
3722	2020-06-02	20.7	1.78
3723	2020-06-03	20.68	1.78
3724	2020-06-04	20.69	1.79
3725	2020-06-05	20.65	1.78
3726	2020-06-08	20.67	1.79
3727	2020-06-09	20.72	1.79
3728	2020-06-10	20.69	1.79
3729	2020-06-11	20.51	1.77
3730	2020-06-12	20.52	1.77
3731	2020-06-15	20.42	1.77
3732	2020-06-16	20.72	1.79
3733	2020-06-17	20.77	1.8
3734	2020-06-18	20.86	1.81
3735	2020-06-19	20.88	1.81
3736	2020-06-22	20.79	1.8
3737	2020-06-23	20.73	1.8
3738	2020-06-24	20.69	1.79
3739	2020-06-29	20.53	1.78
3740	2020-06-30	20.69	1.8
3741	2020-07-01	20.97	1.82
3742	2020-07-02	21.39	1.85
3743	2020-07-03	21.74	1.88
3744	2020-07-06	22.67	1.98
3745	2020-07-07	22.65	1.98
3746	2020-07-08	22.95	2.02
3747	2020-07-09	23.38	2.06
3748	2020-07-10	23.01	2.03
3749	2020-07-13	23.53	2.09
3750	2020-07-14	23.45	2.08
3751	2020-07-15	22.98	2.03
3752	2020-07-16	22.34	1.96
3753	2020-07-17	22.38	1.95
3754	2020-07-20	23.1	2.03
3755	2020-07-21	23.05	2.02
3756	2020-07-22	23.06	2.03
3757	2020-07-23	22.92	2.01
3758	2020-07-24	22.24	1.94
3759	2020-07-27	22.14	1.94
3760	2020-07-28	22.31	1.96
3761	2020-07-29	22.68	1.99
3762	2020-07-30	22.66	1.99
3763	2020-07-31	22.8	2.0
3764	2020-08-03	23.19	2.05
3765	2020-08-04	23.28	2.05
3766	2020-08-05	23.17	2.06
3767	2020-08-06	23.13	2.06
3768	2020-08-07	22.88	2.04
